date,price,dix,gex,NEGATIVE_GAMMA_REGIME,DIX_10D_MA,DARK_POOL_ACCUMULATION,DIP_BUY_SAFE,NET_LIQUIDITY_B,RISK_ON_LIQUIDITY,VPIN_PROXY,HIGH_TOXICITY_FLAG,TOTAL_CLUSTER_BUYS,EUREKA_AVOID_CRASH_FLAG,EUREKA_BUY_THE_DIP_FLAG
2025-06-09,6005.88,0.4961782442700162,6950247951.93,False,,False,True,6381.61,False,,,0,False,False
2025-06-10,6038.81,0.4770347320040091,7795453221.9,False,,False,True,6319.86,False,,,0,False,False
2025-06-11,6022.24,0.521497289029143,7526968979.99,False,,False,True,6307.599999999999,False,,,0,False,False
2025-06-12,6045.26,0.512892450340208,8078933833.33,False,,False,True,6266.259999999999,False,,,0,False,False
2025-06-13,5976.97,0.5319432618902847,5368715710.27,False,,False,True,6284.43,False,,,0,False,False
2025-06-16,6033.11,0.4874782405467984,6994019606.47,False,,False,True,6238.8099999999995,False,,,0,False,False
2025-06-17,5982.72,0.5119677589906794,5709706273.82,False,,False,True,6254.05,False,,,0,False,False
2025-06-18,5980.87,0.4941173693705816,5905181546.26,False,,False,True,6254.719999999999,False,,,0,False,False
2025-06-20,5967.84,0.4986356346464716,3856968962.96,False,,False,True,6252.16,False,,,0,False,False
2025-06-23,6025.17,0.4745595015841087,5339344397.88,False,0.50063044826723,True,True,6269.13,False,,,0,False,False
2025-06-24,6092.18,0.4573227194561624,6369686298.52,False,0.4967448957858447,True,True,6284.87,False,,,0,False,False
2025-06-25,6092.16,0.4468616683275453,7148616930.82,False,0.4937275894181983,True,True,6308.139999999999,False,,,0,False,False
2025-06-26,6141.02,0.4474168459876984,8072461301.8,False,0.4863195451140538,True,True,6330.8099999999995,False,,,0,False,False
2025-06-27,6173.07,0.4923368100709143,7354743566.71,False,0.4842639810871245,True,True,6334.219999999999,False,,,0,False,False
2025-06-30,6204.95,0.4585380442227525,8189956840.36,False,0.4769234593203713,True,True,6390.9400000000005,False,,,0,False,False
2025-07-01,6198.01,0.4477918888330869,7377212602.94,False,0.4729548241490001,True,True,6370.31,False,,,0,False,False
2025-07-02,6227.42,0.4709472628253357,8410326706.47,False,0.4688527745324657,True,True,6377.41,False,,,0,False,False
2025-07-03,6279.35,0.4476260522392778,8111996422.69,False,0.4642036428193353,True,True,6395.8,False,,,0,False,False
2025-07-07,6229.98,0.4933735531106827,7119342127.83,False,0.4636774346657565,True,True,6396.99,True,,,0,False,False
2025-07-08,6225.52,0.4629562058394133,7221989575.17,False,0.4625171050912869,True,True,6410.33,True,,,0,False,False
2025-07-09,6263.26,0.4732450556518882,8914926324.86,False,0.4641093387108596,True,True,6411.119999999999,True,,,0,False,False
2025-07-10,6280.46,0.4765365404919671,9180511276.02,False,0.4670768259273017,True,True,6414.86,True,,,0,False,False
2025-07-11,6259.75,0.5009375407589809,7424283159.14,False,0.4724288954044299,True,True,6388.9400000000005,True,,,0,False,False
2025-07-14,6268.56,0.4856410690332122,7738057459.71,False,0.4717593213006597,True,True,6393.93,True,,,0,False,False
2025-07-15,6243.76,0.5054118824322469,7181147244.9,False,0.4764467051216092,True,True,6402.1,True,,,0,False,False
2025-07-16,6263.7,0.4911250869986281,7489264274.67,False,0.4807800249381634,True,True,6349.58,True,,,0,False,False
2025-07-17,6297.36,0.5056610941271,8974995266.94,False,0.4842514080683397,True,True,6339.74,True,,,0,False,False
2025-07-18,6296.79,0.488996391523647,5944322656.14,False,0.4883884419967766,True,True,6359.57,True,,,0,False,False
2025-07-21,6305.6,0.5286802654917541,6518489855.17,False,0.4919191132348838,True,True,6367.080000000001,True,,,0,False,False
2025-07-22,6309.62,0.4911548865891385,5934749486.56,False,0.4947389813098563,True,True,6361.02,True,,,0,False,False
2025-07-23,6358.91,0.4913610293992498,7676720631.88,False,0.4965505786845924,True,True,6388.98,True,,,0,False,False
2025-07-24,6363.35,0.4885721247937431,8232858198.47,False,0.49775413711477,True,True,6428.500000000001,True,,,0,False,False
2025-07-25,6388.64,0.4769363006059228,6662267721.97,False,0.4953540130994643,True,True,6413.7,True,,,0,False,False
2025-07-28,6389.77,0.464367312428855,6928943479.12,False,0.4932266374390285,True,True,6406.579999999999,True,,,0,False,False
2025-07-29,6370.86,0.4677552547645185,6371624221.36,False,0.4894609746722557,True,True,6394.97,True,,,0,False,False
2025-07-30,6362.9,0.4967022508160478,6097195989.57,False,0.4900186910539977,True,True,6409.99,True,,,0,False,False
2025-07-31,6339.39,0.4864093382350865,5602472269.98,False,0.4880935154647963,True,True,6421.08,True,,,0,False,False
2025-08-01,6238.01,0.4778755899416375,4206957830.42,False,0.4869814353065953,True,True,6399.25,False,,,0,False,False
2025-08-04,6329.94,0.493340800156717,5509206516.81,False,0.4834474887730916,True,True,6395.84,False,,,0,False,False
2025-08-05,6299.19,0.5104029199677118,4956985022.77,False,0.485372292110949,True,True,6415.589999999999,True,,,0,False,False
2025-08-06,6345.06,0.4981498320497319,6885056501.58,False,0.4860511723759971,True,True,6429.33,True,,,0,False,False
2025-08-07,6340.0,0.4909886221389488,7268678445.23,False,0.4862928221105177,True,True,6453.49,True,,,0,False,False
2025-08-08,6389.45,0.4799067614925307,7104874959.97,False,0.4865898681991785,True,True,6500.3,True,,,0,False,False
2025-08-11,6373.45,0.4979532430774366,7073272424.02,False,0.4899484612640368,True,True,6483.5,True,,,0,False,False
2025-08-12,6445.76,0.4883897384942745,9222677076.74,False,0.4920119096370123,True,True,6517.14,True,,,0,False,False
2025-08-13,6466.58,0.497528344673351,9554009566.2,False,0.4920945190227425,True,True,6500.2,True,,,0,False,False
2025-08-14,6468.54,0.5070666789022263,9972658498.35,False,0.4941602530894566,True,True,6484.67,True,,,0,False,False
2025-08-15,6449.8,0.4938450014253651,6559237118.42,False,0.4957571942378294,True,True,6521.789999999999,True,,,0,False,False
2025-08-18,6449.15,0.4791791584417266,7059529380.35,False,0.4943410300663303,True,True,6518.5,True,,,0,False,False
2025-08-19,6411.37,0.46847662054828,5609867335.39,False,0.4901484001243871,True,True,6482.599999999999,True,,,0,False,False
2025-08-20,6395.78,0.4331844438519711,5198012874.39,False,0.4836518613046111,True,True,6419.79,True,,,0,False,False
2025-08-21,6370.17,0.4816484085540034,4671695623.69,False,0.4827178399461165,True,True,6412.63,False,,,0,False,False
2025-08-22,6466.91,0.4610650479001054,7012234646.41,False,0.480833668586874,True,True,6355.9400000000005,False,,,0,False,False
2025-08-25,6439.32,0.4711248068135336,6837265495.67,False,0.4781508249604836,True,True,6368.4800000000005,False,,,0,False,False
2025-08-26,6465.94,0.4834154444820751,7518243815.32,False,0.4776533955592636,True,True,6352.32,False,,,0,False,False
2025-08-27,6481.4,0.4779580739225902,8070047921.08,False,0.4756963684841877,True,True,6348.610000000001,False,,,0,False,False
2025-08-28,6501.86,0.4865584349508358,9268973791.04,False,0.4736455440890486,True,True,6347.030000000001,False,,,0,False,False
2025-08-29,6460.26,0.466972027096476,6587620296.37,False,0.4709582466561596,True,True,6330.09,False,,,0,False,False
2025-09-02,6415.54,0.4481868970603395,5695614425.11,False,0.467859020518021,True,True,6377.039999999999,False,,,0,False,False
2025-09-03,6448.26,0.5028761035829258,6649068413.7,False,0.4712989688214856,True,True,6388.72,False,,,0,False,False
2025-09-04,6502.08,0.4979496688601461,8736257142.04,False,0.477775491322303,True,True,6410.150000000001,False,,,0,False,False
2025-09-05,6481.5,0.5002497323149075,6657444531.0,False,0.4796356236983935,True,True,6400.83,False,,,0,False,False
2025-09-08,6495.15,0.4871428068327681,7112365004.64,False,0.4822433995916597,True,True,6351.46,False,,,0,False,False
2025-09-09,6512.61,0.5030411629936398,8014489416.98,False,0.4854350352096704,True,True,6355.300000000001,False,,,0,False,False
2025-09-10,6532.04,0.4696490047736112,7674128006.46,False,0.484058391238824,True,True,6337.93,False,,,0,False,False
2025-09-11,6587.47,0.4777187934855563,9455767066.19,False,0.4840344631951206,True,True,6393.12,False,,,0,False,False
2025-09-12,6584.29,0.5104082447983005,7705699529.11,False,0.4864194441798671,True,True,6363.55,False,,,0,False,False
2025-09-15,6615.28,0.4769077745344119,8607071955.22,False,0.4874130189236607,True,True,6361.27,False,,,0,False,False
2025-09-16,6606.76,0.4539390673198221,8294768650.55,False,0.487988235949609,True,True,6338.129999999999,False,,,0,False,False
2025-09-17,6600.35,0.4557410999343627,8630734127.09,False,0.4832747355847527,True,True,6338.0599999999995,False,,,0,False,False
2025-09-18,6631.96,0.4879370704115464,9229137608.56,False,0.4822734757398926,True,True,6392.88,False,,,0,False,False
2025-09-19,6664.36,0.4620207333296275,7221005006.35,False,0.4784505758413647,True,True,6427.33,True,,,0,False,False
2025-09-22,6693.75,0.4606007566505989,7804100698.22,False,0.4757963708231477,True,True,6449.1,True,,,0,False,False
2025-09-23,6656.92,0.4513489778399516,6945220590.68,False,0.4706271523077789,True,True,6448.46,True,,,0,False,False
2025-09-24,6637.97,0.4386985159041842,6729719258.57,False,0.4675321034208363,True,True,6432.62,True,,,0,False,False
2025-09-25,6604.72,0.452690610924957,5745673608.81,False,0.4650292851647762,True,True,6401.93,True,,,0,False,False
2025-09-26,6643.7,0.4475029319686559,6507002455.37,False,0.4587387538818118,True,True,6379.410000000001,True,,,0,False,False
2025-09-29,6661.21,0.4120423596295545,7387805164.56,False,0.4522522123913261,True,True,6401.410000000001,True,,,0,False,False
2025-09-30,6688.46,0.4057227741336832,7869595104.33,False,0.4474305830727121,False,True,6409.08,True,,,0,False,False
2025-10-01,6711.2,0.4325926948960469,8331463843.65,False,0.4451157425688806,False,True,6410.34,True,,,0,False,False
2025-10-02,6715.35,0.4533059440730929,8813095584.05,False,0.4416526299350353,False,True,6401.6900000000005,False,,,0,False,False
2025-10-03,6715.79,0.4285403022699323,7145644577.07,False,0.4383045868290657,False,True,6350.99,False,,,0,False,False
2025-10-06,6740.28,0.4234703824116462,8076661222.41,False,0.4345915494051704,False,True,6327.34,False,,,0,False,False
2025-10-07,6714.59,0.4233981334278057,7666628328.25,False,0.4317964649639559,False,True,6354.69,False,,,0,False,False
2025-10-08,6753.72,0.45686911574134,8943683366.5,False,0.4336135249476714,False,True,6365.969999999999,True,,,0,False,False
2025-10-09,6735.11,0.4779898205599923,9281334761.45,False,0.4361434459111749,False,True,6330.69,False,,,0,False,False
2025-10-10,6552.51,0.4669604262057988,4326241481.91,False,0.4380891953348893,False,True,6308.88,False,,,0,False,False
2025-10-13,6654.72,0.445884630612281,6115597746.47,False,0.4414734224331619,False,True,6315.45,False,,,0,False,False
2025-10-14,6644.31,0.4598371070749149,5901838501.65,False,0.446884855727285,False,True,6287.17,False,,,0,False,False
2025-10-15,6671.06,0.4569235538371681,6761378176.96,False,0.4493179416213972,False,True,6287.2,False,,,0,False,False
2025-10-16,6629.07,0.4687064641663973,5269523815.32,False,0.4508579936307276,True,True,6278.46,False,,,0,False,False
2025-10-17,6664.01,0.4563747925102731,5484917730.33,False,0.4536414426547617,True,True,6227.3,False,,,0,False,False
2025-10-20,6735.13,0.4491445732283318,7161909617.93,False,0.4562088617364302,True,True,6236.68,False,,,0,False,False
2025-10-21,6735.35,0.4423772085178547,7520783534.21,False,0.4581067692454351,True,True,6252.42,False,,,0,False,False
2025-10-22,6699.4,0.4410232153364585,6293061871.38,False,0.4565221792049471,True,True,6279.04,False,,,0,False,False
2025-10-23,6738.44,0.4732222880203374,7820295201.83,False,0.4560454259509815,True,True,6269.2,False,,,0,False,False
2025-10-24,6791.69,0.4585403760746272,7120844043.28,False,0.4552034209378644,True,True,6262.59,False,,,0,False,False
2025-10-27,6875.16,0.4543820631901545,8811406395.69,False,0.4560531641956517,True,True,6264.45,False,,,0,False,False
2025-10-28,6890.89,0.4642449617776533,9319787449.32,False,0.4564939496659256,True,True,6263.490000000001,False,,,0,False,False
2025-10-29,6890.59,0.4826595211618743,8576786583.48,False,0.4590675463983961,True,True,6254.39,False,,,0,False,False
2025-10-30,6822.34,0.435343586848268,6677915847.53,False,0.4557312586665832,True,True,6262.52,False,,,0,False,False
2025-10-31,6840.2,0.4251789662348758,6624386660.87,False,0.4526116760390436,True,True,6282.39,False,,,0,False,False
2025-11-03,6851.97,0.4288247682637994,6781361326.36,False,0.4505796955425903,True,True,6249.29,False,,,0,False,False
2025-11-04,6771.55,0.4350867477896292,5193682277.35,False,0.4498506494697677,False,True,6284.36,False,,,0,False,False
2025-11-05,6796.29,0.4314845934423743,5841663848.71,False,0.4488967872803593,False,True,6324.17,False,,,0,False,False
2025-11-06,6720.32,0.4445074270242051,3909448954.64,False,0.4460253011807461,False,True,6329.82,False,,,0,False,False
2025-11-07,6728.8,0.4157386053994561,5127254402.97,False,0.4417451241132289,False,True,6267.150000000001,False,,,0,False,False
2025-11-10,6832.43,0.4602017274430328,7393632865.95,False,0.4423270905385168,False,True,6242.33,False,,,0,False,False
2025-11-11,6846.61,0.457797430250406,7921433802.95,False,0.441682337385792,False,True,6236.349999999999,False,,,0,False,False
2025-11-12,6850.92,0.4412578739145336,8048269704.74,False,0.437542172661058,False,True,6250.12,False,,,0,False,False
2025-11-13,6737.49,0.4467928320102257,5335870433.45,False,0.4386870971772538,False,True,6259.59,False,,,0,False,False
2025-11-14,6734.11,0.4572889529024689,5314866728.69,False,0.4418980958440131,False,True,6243.84,True,,,0,False,False
2025-11-17,6672.41,0.4418779670466153,4043957779.62,False,0.4432034157222946,False,True,6237.9,True,,,0,False,False
2025-11-18,6617.32,0.4057787841257781,3089427720.76,False,0.4402726193559096,False,True,6222.96,False,,,0,False,False
2025-11-19,6642.16,0.4275772517277845,3211649593.55,False,0.4398818851844506,False,True,6203.32,False,,,0,False,False
2025-11-20,6538.76,0.4616904854973454,1340626611.58,False,0.4416001910317647,False,True,6196.27,False,,,0,False,False
2025-11-21,6602.99,0.4354131355161924,2988036246.6,False,0.4435676440434382,False,True,6178.839999999999,False,,,0,False,False
2025-11-24,6705.12,0.4625193885191947,4690352253.26,False,0.4437994101510544,False,True,6188.94,False,,,0,False,False
2025-11-25,6765.88,0.4749065810454575,6492416925.57,False,0.4455103252305596,False,True,6198.530000000001,False,,,0,False,False
2025-11-26,6812.61,0.4904526631769301,8421491005.95,False,0.4504298041567992,True,True,6187.58,False,,,0,False,False
2025-11-28,6849.09,0.4493395888494485,6938138988.38,False,0.4506844798407215,True,True,6146.98,False,,,0,False,False
2025-12-01,6812.63,0.4908042317598918,6642945076.75,False,0.4540360077264638,True,True,6160.619999999999,False,,,0,False,False
2025-12-02,6829.37,0.4867801941739906,7458541203.42,False,0.4585262304392014,True,True,6126.249999999999,False,,,0,False,False
2025-12-03,6849.72,0.5020173590876521,7975761652.39,False,0.4681500879353887,True,True,6109.759999999999,False,,,0,False,False
2025-12-04,6857.12,0.4480904145339894,8601452063.7,False,0.4702014042160092,True,True,6099.91,False,,,0,False,False
2025-12-05,6870.4,0.4572996980446061,7176962361.07,False,0.4697623254707353,True,True,6060.959999999999,False,,,0,False,False
2025-12-08,6846.51,0.4647743571136219,6813504425.19,False,0.4726984476304783,True,True,6099.59,False,,,0,False,False
2025-12-09,6840.51,0.4672530155718718,6762231183.3,False,0.473171810335746,True,True,6096.030000000001,False,,,0,False,False
2025-12-10,6886.68,0.4530402256294149,7523159648.74,False,0.4709851747941417,True,True,6122.51,False,,,0,False,False
2025-12-11,6901.0,0.4673539374842177,7926128077.16,False,0.4686753022248705,True,True,6179.259999999999,False,,,0,False,False
2025-12-12,6827.41,0.4666249034778935,6509966677.8,False,0.470403833687715,True,True,6170.54,False,,,0,False,False
2025-12-15,6816.51,0.4417498135855839,6170639237.86,False,0.4654983918702842,True,True,6175.620000000001,False,,,0,False,False
2025-12-16,6800.26,0.4499767003299719,6494447750.23,False,0.4618180424858822,True,True,6146.2,False,,,0,False,False
2025-12-17,6721.43,0.4629170329488922,4502157909.68,False,0.4579080098720063,True,True,6167.35,False,,,0,False,False
2025-12-18,6774.76,0.4490546017721714,6689398265.78,False,0.4580044285958244,True,True,6193.879999999999,False,,,0,False,False
2025-12-19,6834.5,0.4715840596395724,5875128134.31,False,0.4594328647553211,True,True,6236.3099999999995,True,,,0,False,False
2025-12-22,6878.49,0.4434401317293244,7172229064.14,False,0.4572994422168914,True,True,6250.82,True,,,0,False,False
2025-12-23,6909.79,0.4432571468685826,8282330449.17,False,0.4548998553465624,True,True,6233.38,True,,,0,False,False
2025-12-24,6932.05,0.4555444412433638,9286153262.63,False,0.4551502769079574,True,True,6286.5199999999995,True,,,0,False,False
2025-12-26,6929.94,0.467985846756966,6821528138.03,False,0.4552134678352321,True,True,6325.68,True,,,0,False,False
2025-12-29,6905.74,0.4246376106304307,6182187701.57,False,0.451014738550486,True,True,6354.39,True,,,0,False,False
2025-12-30,6896.24,0.4210884837561359,6330371934.03,False,0.4489486055675411,False,True,6342.8,True,,,0,False,False
2025-12-31,6845.5,0.4386556499499279,4532633850.86,False,0.4478165005295367,False,True,6340.490000000001,True,,,0,False,False
2026-01-02,6858.47,0.4667575163192126,4747106524.47,False,0.4482005488665687,False,True,6381.73,True,,,0,False,False
2026-01-05,6902.05,0.4901667247951398,5987819235.59,False,0.4523117611688656,True,True,6414.92,True,,,0,False,False
2026-01-06,6944.82,0.4653835128082585,6534977805.48,False,0.4516917064857343,True,True,6446.450000000001,True,,,0,False,False
2026-01-07,6920.93,0.4797634909462668,6280882837.49,False,0.4553240424074284,True,True,6495.910000000001,True,,,0,False,False
2026-01-08,6921.46,0.4553564327907503,6286915585.12,False,0.4565339709996452,True,True,6462.65,True,,,0,False,False
2026-01-09,6966.28,0.467450970931873,6562700849.21,False,0.4577246239684961,True,True,6439.99,True,,,0,False,False
2026-01-12,6977.27,0.4762137207811034,6743804529.25,False,0.4585474113709099,True,True,6460.539999999999,True,,,0,False,False
2026-01-13,6963.74,0.459679855556542,6477575094.64,False,0.462051635863521,True,True,6464.25,True,,,0,False,False
2026-01-14,6926.6,0.4460530214917583,5217893515.41,False,0.4645480896370833,True,True,6466.47,True,,,0,False,False
2026-01-15,6944.47,0.4419078456934662,5850802530.38,False,0.4648733092114371,True,True,6429.91,True,,,0,False,False
2026-01-16,6940.01,0.4358132388684452,3831067998.5,False,0.4617788814663603,True,True,6479.19,True,,,0,False,False
2026-01-20,6796.86,0.4198377560073585,1814029568.13,False,0.4547459845875822,True,True,6441.0599999999995,True,,,0,False,False
2026-01-21,6875.62,0.4155726170285169,3346888759.56,False,0.449764895009608,False,True,6417.52,True,,,0,False,False
2026-01-22,6913.35,0.4533952602386525,5345750999.12,False,0.4471280719388466,False,True,6453.94,True,,,0,False,False
2026-01-23,6915.61,0.447230423522225,4448432396.66,False,0.4463154710119941,False,True,6410.84,True,,,0,False,False
2026-01-26,6950.23,0.4595926621948827,4862830145.12,False,0.445529640138295,False,True,6356.139999999999,True,,,0,False,False
2026-01-27,6978.6,0.456669190823758,5238488933.3,False,0.4435751871425605,False,True,6336.54,False,,,0,False,False
2026-01-28,6978.03,0.4584591332621618,5338842375.21,False,0.4434531149131225,False,True,6339.85,False,,,0,False,False
2026-01-29,6969.01,0.434440280923251,5527721732.42,False,0.4422918408562718,False,True,6369.07,False,,,0,False,False
2026-01-30,6939.03,0.4510346051438673,4525764597.42,False,0.4432045168013119,False,True,6367.5599999999995,False,,,0,False,False
2026-02-02,6976.44,0.4423988507108459,5069252179.2,False,0.4438630779855519,False,True,6344.46,False,,,0,False,False
2026-02-03,6917.81,0.4407379785319332,4408072162.65,False,0.4459531002380094,False,True,6391.64,False,,,0,False,False
2026-02-04,6882.72,0.4081445293284202,4070213440.42,False,0.4452102914679997,False,True,6403.15,False,,,0,False,False
2026-02-05,6798.4,0.40406248966664,3180788269.6,False,0.4402770144107985,False,True,6400.33,False,,,0,False,False
2026-02-06,6932.3,0.445373884290967,4804932968.16,False,0.4400913604876726,False,True,6390.9400000000005,False,,,0,False,False
2026-02-09,6964.82,0.4580543662192916,5613052438.47,False,0.4399375308901135,False,True,6401.62,False,,,0,False,False
2026-02-10,6941.81,0.4589289225974104,5321465363.52,False,0.4401635040674788,False,True,6412.86,False,,,0,False,False
2026-02-11,6941.47,0.4470536786884437,5002389285.85,False,0.439022958610107,False,True,6391.320000000001,False,,,0,False,False
2026-02-12,6832.76,0.4474743800337078,3055298147.07,False,0.4403263685211526,False,True,6430.4400000000005,True,,,0,False,False
2026-02-13,6836.17,0.4414548923952034,2915535519.25,False,0.4393683972462863,False,True,6433.45,False,,,0,False,False
2026-02-17,6843.22,0.4424007650378042,3582901176.04,False,0.4393685886789821,False,True,6414.95,False,,,0,False,False
2026-02-18,6881.31,0.4668055046153697,2903005383.22,False,0.4419753412873258,False,True,6393.71,False,,,0,False,False
2026-02-19,6861.89,0.4773222261247201,200115326.33,False,0.4488931109669558,False,True,6392.509999999999,False,,,0,False,False
2026-02-20,6909.51,0.4726034082755785,5449390896.36,False,0.4557472028278496,True,True,6336.879999999999,False,,,0,False,False
2026-02-23,6837.75,0.4514775923431176,1150290354.56,False,0.4563575736330647,True,True,6300.29,False,,,0,False,False
2026-02-24,6890.07,0.4429346432328954,3098836082.14,False,0.4548456013344251,True,True,6307.39,False,,,0,False,False
2026-02-25,6946.13,0.4545325692991614,4456157595.71,False,0.4544059660046001,True,True,6307.58,False,,,0,False,False
2026-02-26,6908.86,0.4495985635326274,1826571927.73,False,0.4546604544890185,True,True,6291.73,False,,,0,False,False
2026-02-27,6878.88,0.4373866878821676,4856132673.37,False,0.4536516852738645,True,True,6323.610000000001,False,,,0,False,False
2026-03-02,6881.62,0.4689489996291328,2616728166.54,False,0.4564010959972574,True,True,6336.77,False,,,0,False,False
2026-03-03,6816.63,0.4422467594893358,2721525872.19,False,0.4563856954424106,True,True,6341.12,False,,,0,False,False
2026-03-04,6869.5,0.4558999093145457,6917491809.23,False,0.4552951359123282,True,True,6327.200000000001,False,,,0,False,False
2026-03-05,6830.71,0.4674757442661732,2935529684.63,False,0.4543104877264735,True,True,6365.179999999999,False,,,0,False,False
2026-03-06,6740.02,0.4699144990638909,-255824365.19,True,0.4540415968053047,True,False,6359.25,False,,,0,False,False
2026-03-09,6795.99,0.4473437004675842,2647946753.99,False,0.4536282076177514,True,True,6369.88,False,,,0,False,False
2026-03-10,6781.48,0.479149873493909,2833611024.71,False,0.4572497306438528,True,True,6325.95,False,,,0,False,False
2026-03-11,6775.8,0.4517660593251669,1772177538.97,False,0.4569730796464533,True,True,6317.33,False,,,0,False,False
2026-03-12,6672.62,0.4740241202673953,-341342620.5799998,True,0.4594156353199302,True,False,6327.92,False,,,0,False,False
2026-03-13,6632.19,0.4422691793544434,100977975.2800002,False,0.4599038844671577,True,True,6325.21,False,,,0,False,False
2026-03-16,6699.38,0.4349127113238323,1750363701.4099991,False,0.4565002556366277,True,True,6310.91,False,,,0,False,False
2026-03-17,6716.09,0.4533155517590173,2106344535.550002,False,0.4576071348635958,True,True,6268.38,False,,,0,False,False
2026-03-18,6624.7,0.4526863096055648,-140231247.46000004,True,0.4572857748926977,True,False,6299.98,False,,,0,False,False
2026-03-19,6606.49,0.4479524133045914,-321849345.7400001,True,0.4553334417965395,True,False,6272.43,False,,,0,False,False
2026-03-20,6506.48,0.4592937103426273,-1096289832.7600005,True,0.4542713629244132,True,False,6278.78,False,,,0,False,False
2026-03-23,6581.0,0.425720764875833,672894694.540001,False,0.4521090693652381,True,True,6309.38,True,,,0,False,False
2026-03-24,6556.37,0.4394308971253725,132400727.9900002,False,0.4481371717283844,False,True,6325.37,True,,,0,False,False
2026-03-25,6591.9,0.4462804211545297,1201182250.100001,False,0.4475886079113206,False,True,6350.39,True,,,0,False,False
2026-03-26,6477.16,0.4286655911145995,-313179686.9200002,True,0.4430527549960411,False,False,6332.9,True,,,0,False,False
2026-03-27,6368.85,0.4146203144550502,-7241893459.340001,True,0.4402878685061018,False,False,6336.71,True,,,0,False,False
2026-03-30,6343.72,0.3929775152865248,-1077105660.4,True,0.436094348902371,False,False,6305.64,False,,,0,False,False
2026-03-31,6528.52,0.4455336668721925,2329652811.6200023,False,0.4353161604136885,False,True,6280.67,False,,,0,False,False
2026-04-01,6575.32,0.4873863957740775,2657525888.350002,False,0.4387861690305398,False,True,6233.87,False,,,0,False,False
2026-04-02,6582.69,0.5026903210303237,2745627207.1699977,False,0.444259959803113,False,True,6262.679999999999,False,,,0,False,False
2026-04-06,6611.83,0.4535916573323762,2907439796.07,False,0.443689754502088,False,True,6348.25,False,,,0,False,False
2026-04-07,6616.85,0.4687452319414843,2706029192.4900007,False,0.4479922012086531,False,True,6360.51,True,,,0,False,False
2026-04-08,6782.81,0.4549138884057118,5350519304.339996,False,0.449540500336687,False,True,6355.23,True,0.2195472842025117,False,0,False,False
2026-04-09,6824.66,0.4843504483938458,5641402275.270006,False,0.4533475030606186,True,True,6358.83,True,0.0233737482516981,False,0,False,False
2026-04-10,6816.89,0.4759718009237338,5108014699.940001,False,0.458078124041532,True,True,6336.420000000001,True,0.1371659590788345,False,0,False,False
2026-04-13,6886.24,0.4584326988965629,5665588771.520002,False,0.4624593624856833,True,True,6343.3,True,0.5932822023581955,False,0,False,False
2026-04-14,6967.38,0.4899623983050458,7404904814.709997,False,0.4721578507875354,True,True,6352.46,True,0.6368162936965942,False,0,False,False
2026-04-15,7022.95,0.5092928207960492,8885947956.449993,False,0.4785337661799211,True,True,6343.03,True,0.6786337432341326,False,0,False,False
2026-04-16,7041.28,0.4975064998716014,9546876389.540005,False,0.4795457765896734,True,True,6353.39,True,0.0642013447358885,False,0,False,False
2026-04-17,7126.06,0.5087107326916703,9780203902.370005,False,0.4801478177558081,True,True,6364.57,True,0.3219303601566542,False,0,False,False
2026-04-20,7109.14,0.4735528613834722,7185735880.470004,False,0.4821439381609177,True,True,6334.5,True,0.2322239170338691,False,0,False,False
2026-04-21,7064.01,0.4752254808784145,6359145548.17999,False,0.4827919630546107,True,True,6322.919999999999,False,0.2362925438930983,False,0,False,False
2026-04-22,7137.9,0.4836678367242191,9888930994.329994,False,0.4856673578864615,True,True,6323.11,False,0.3896031862948464,False,0,False,False
2026-04-23,7108.4,0.500839584947403,6199237820.500002,False,0.4873162715418171,True,True,6291.69,False,0.2909142088458692,False,0,False,False
2026-04-24,7165.08,0.4833588923978335,6672055294.960004,False,0.4880549806892271,True,True,6277.75,False,0.0121004337279377,False,0,False,False
2026-04-27,7173.91,0.4693799810171222,6375296101.809994,False,0.4891497089012831,True,True,6289.27,False,0.1494456305206379,False,0,False,False
2026-04-28,7138.8,0.4474305236771733,6253277687.449994,False,0.4848965214384959,True,True,6226.59,False,0.0122453680886105,False,0,False,False
2026-04-29,7135.95,0.4565729912992703,6095989872.319997,False,0.479624538488818,True,True,6227.12,False,0.3800915150409296,False,0,False,False
2026-04-30,7209.01,0.4460611240650714,6946361649.689999,False,0.474480000908165,True,True,6212.719999999999,False,0.0730219670558333,False,0,False,False
2026-05-01,7230.12,0.4578831560205426,8425788598.119994,False,0.4693972432410522,True,True,6183.300000000001,False,0.1280863850602862,False,0,False,False
2026-05-04,7200.75,0.4470357355384104,5927444691.909999,False,0.466745530656546,True,True,6188.82,False,0.1992396990699139,False,0,False,False
2026-05-05,7259.22,0.4367253102343347,6707898191.189997,False,0.462895513592138,True,True,6182.07,False,0.3789068580653416,False,0,False,False
2026-05-06,7365.12,0.4511810054120742,8492997873.139992,False,0.4596468304609235,True,True,6181.389999999999,False,0.3775509052504089,False,0,False,False
2026-05-07,7337.11,0.4663110207687232,8472046156.229991,False,0.4561939740430555,True,True,6193.030000000001,False,0.0217596509763185,False,0,False,False
2026-05-08,7398.93,0.4296161123681806,21320969400.29001,False,0.4508196960400902,True,True,6183.95,False,0.4669704644703402,False,0,False,False
2026-05-11,7412.84,0.4558958919462222,7829916426.260001,False,0.4494712871330003,False,True,6152.51,False,0.3647392157898118,False,0,False,False
2026-05-12,7400.96,0.4402876479584301,7542266245.039989,False,0.4487569995611259,False,True,6129.679999999999,False,0.0012557330240121,False,0,False,False
2026-05-13,7444.25,0.4540866374304625,8599272149.920002,False,0.4485083641742452,False,True,6179.280000000001,False,0.3505659045354877,False,0,False,False
2026-05-14,7501.24,0.4564458239971536,9067645347.11,False,0.4495468341674534,False,True,6193.39,False,0.0564212030627832,False,0,False,False
2026-05-15,7408.5,0.4586056288898683,18158401316.429977,False,0.4496190814543859,False,True,6190.24,False,0.0725834017138886,False,0,False,False
2026-05-18,7403.05,0.406804796618155,5732999302.109999,False,0.4455959875623604,False,True,6184.469999999999,False,0.0468580317967509,False,0,False,False
2026-05-19,7353.61,0.4233686847617977,5071324836.050002,False,0.4442603250151068,False,True,6194.83,False,0.2174876326527321,False,0,False,False
2026-05-20,7432.97,0.4342620868408589,6379637570.380002,False,0.4425684331579852,False,True,6152.62,False,0.3056251993101033,False,0,False,False
2026-05-21,7445.72,0.4546384297820917,7296277520.409994,False,0.4414011740593221,False,True,6138.400000000001,False,0.1795912026584677,False,0,False,False
2026-05-22,7473.47,0.4464729955360107,9134498537.969994,False,0.443086862376105,False,True,6126.08,False,0.0939076199409094,False,0,False,False
2026-05-26,7519.12,0.4061861570724671,7103457636.9800005,False,0.4381158888887295,False,True,6129.24,False,0.210452033510985,False,0,False,False
2026-05-27,7520.36,0.4240568312036319,8171889036.700002,False,0.4364928072132497,False,True,6130.700000000001,False,0.0501205606204149,False,0,False,False
2026-05-28,7563.63,0.4250576927113554,9134728289.779997,False,0.433589912741339,False,True,6143.57,False,0.3343719142207309,False,0,False,False
2026-05-29,7580.06,0.449982731682619,7366590365.690004,False,0.4329436035098856,False,True,6144.389999999999,False,0.0023258453225043,False,0,False,False
2026-06-01,7599.96,0.4166602969946495,7239240262.650002,False,0.4287490703203637,False,True,6116.7300000000005,False,0.2502186533992653,False,0,False,False
2026-06-02,7609.78,0.4446884547284291,7033977418.819994,False,0.4325374361313911,False,True,6081.49,False,0.0869043013180039,False,0,False,False
2026-06-03,7553.68,0.4400888581255191,6111053584.429998,False,0.4342094534677632,False,True,6057.91,False,0.209292851093252,False,0,False,False
2026-06-04,7584.31,0.4370930990078814,7716824237.309999,False,0.4344925546844654,False,True,6042.47,False,0.4895701709694727,True,0,False,False
2026-06-05,7383.74,0.4322927686180423,3784922726.600004,False,0.4322579885680605,False,True,6056.299999999999,False,0.4144797340872967,True,0,False,False
