date,signal,conviction,kelly,regime,gap_pct,sector_score,p_green,decay_risk,actual_snxx_return,strat_return,bh_return,direction_correct,strat_cumret,bh_cumret
2025-05-13,STRONG_BUY,0.5101594615461716,1.0,TRENDING,1.405374387991588,1.0,0.5862068965517241,0.00019506354107575163,3.5376764436114705,3.5376764436114705,3.5376764436114705,True,1.0353767644361147,1.0353767644361147
2025-05-14,BUY,0.24873153320753294,0.85,TRENDING,0.0,0.5678882924706115,0.6,9.789719060344836e-05,-0.33333188011532844,-0.2833320980980292,-0.33333188011532844,False,1.0324432097262184,1.0319255236009426
2025-05-15,SELL,-0.31037295287200867,0.25,TRENDING,-1.8125497989482608,-0.3122367256201447,0.4,0.00014760775312086183,-6.6300948224742084,-1.6575237056185521,-6.6300948224742084,True,1.0153302187779571,0.9635078828888867
2025-05-16,HOLD,-0.04505674923747231,0.5,TRENDING,-0.04933511917117753,0.044515105263150376,0.3870967741935484,0.00024721081805891443,-0.4933511917117661,-0.24667559585588306,-0.4933511917117661,,1.0128256469108818,0.9587544052664175
2025-05-19,SELL,-0.3465263526753651,0.25,TRENDING,-2.744799291168098,-0.15776142686357236,0.375,0.00025526336368852004,-8.209692897050424,-2.052423224262606,-8.209692897050424,True,0.9920381781123949,0.8800436129571024
2025-05-20,HOLD,-0.05483648069651057,0.5,TRENDING,0.0,0.03818667282190249,0.36363636363636365,6.666000786089468e-05,7.2202247031854405,3.6101123515927203,7.2202247031854405,,1.0278518709129458,0.9435847392986368
2025-05-21,HOLD,-0.03158025466034638,0.5,TRENDING,-0.34843053405951196,-0.12238687535578742,0.5806451612903226,0.00010517030896476134,-7.86461831286327,-3.932309156431635,-7.86461831286327,,0.9874335576784822,0.8693754010943731
2025-05-22,SELL,-0.2540056861843475,0.25,TRENDING,-0.5181268293994185,-0.43419458986871656,0.38235294117647056,0.00012271511749034684,-3.9378152931417,-0.984453823285425,-3.9378152931417,True,0.977712730267513,0.8351410035952669
2025-05-23,AVOID,-0.5387489643644565,0.0,TRENDING,-4.2019031347153675,-0.6412260383007574,0.37142857142857144,0.00011378891159057221,-2.9598381132813767,-0.0,-2.9598381132813767,True,0.977712730267513,0.8104221818712136
2025-05-27,HOLD,0.08264995998629328,0.5,TRENDING,1.783800797484592,0.009934999462604179,0.3611111111111111,0.00010970612741026024,4.828334524403033,2.4141672622015165,4.828334524403033,,1.001316350920008,0.8495520758719217
2025-05-28,BUY,0.29513663733144924,0.85,TRENDING,0.5762211077648971,0.6168628024314834,0.5625,0.00011256388881558053,2.0953458495634347,1.7810439721289195,2.0953458495634347,True,1.0191502354300102,0.867353130033584
2025-05-29,HOLD,0.15140173806958634,0.5,TRENDING,1.192325201245541,0.04052552585023117,0.5757575757575758,7.139097970298315e-05,0.10366325618114125,0.051831628090570625,0.10366325618114125,,1.0196784775897225,0.8682522565307659
2025-05-30,HOLD,-0.05635473739663299,0.5,TRENDING,-1.0621758124860778,-0.03413362676719149,0.5882352941176471,3.654682144341666e-05,-4.715025302512421,-2.3575126512562106,-4.715025302512421,,0.9956394284784081,0.8273139429457053
2025-06-02,SELL,-0.20366119263640917,0.25,TRENDING,-0.39797749176712593,-0.313352072020246,0.3783783783783784,4.1218793061406724e-05,-1.9103041059767234,-0.47757602649418085,-1.9103041059767234,True,0.9908844932576716,0.8115097307242956
2025-06-03,HOLD,0.1111797429677049,0.5,TRENDING,0.3214543959248857,0.42912185328962743,0.3684210526315789,3.766108842651641e-05,7.018470368806495,3.5092351844032477,7.018470368806495,,1.0256569605318657,0.8684653007151616
2025-06-04,HOLD,0.19403776930386415,0.5,TRENDING,0.0,0.452399937926415,0.5714285714285714,5.498228222256549e-05,6.107662131547054,3.053831065773527,6.107662131547054,,1.0569787914208564,0.9215082270125677
2025-06-05,HOLD,-0.06173349781870134,0.5,TRENDING,-1.1175281221362228,-0.02928840113642971,0.5833333333333334,7.293525421906505e-05,-3.515825054265065,-1.7579125271325324,-3.515825054265065,,1.0383980288373351,0.8891096098901461
2025-06-06,HOLD,0.19472909725899415,0.5,TRENDING,1.5593063062544752,0.3500147507365171,0.38461538461538464,8.649998117353153e-05,0.15338749904558746,0.07669374952279373,0.15338749904558746,,1.0391944152206212,0.8904733928845305
2025-06-09,BUY,0.49635309645985093,0.85,TRENDING,2.8607889865455682,0.6405407712022715,0.5675675675675675,6.346485619510041e-05,13.639836857632792,11.593861328987872,13.639836857632792,True,1.1596771746598864,1.011932510934608
2025-06-10,HOLD,0.11818210093103436,0.5,TRENDING,-0.07173309305544483,0.24206623671151342,0.5789473684210527,0.0001233612463375013,-1.0999499948097569,-0.5499749974048784,-1.0999499948097569,,1.1532992401486457,1.0008017593331044
2025-06-11,BUY,0.3234907387026054,0.85,TRENDING,1.899497265277569,0.6149697818853711,0.4,0.00013374576801749864,-6.540036573031549,-5.559031087076816,-6.540036573031549,False,1.0891869768617617,0.9353489582491762
2025-06-12,SELL,-0.2083138530333244,0.25,TRENDING,-1.3919994523069437,-0.10681431324558892,0.3902439024390244,0.0001694675265616934,5.319411916477179,1.3298529791192948,5.319411916477179,False,1.1036715623217372,0.985104022194928
2025-06-13,HOLD,-0.03986684998686447,0.5,TRENDING,-0.7263904179236464,-0.03239044278722222,0.5641025641025641,0.0001631407854940057,5.811141816499754,2.905570908249877,5.811141816499754,,1.1357395221591846,1.0423498139647185
2025-06-16,BUY,0.22380227422349327,0.85,TRENDING,2.0470563103170956,0.04503851914212786,0.575,0.00016411112003143525,8.047054515165453,6.839996337890635,8.047054515165453,True,1.2134240638828493,1.126228271733185
2025-06-17,BUY,0.202839479045033,0.85,TRENDING,0.04523967016026561,0.4469056928786588,0.5853658536585366,0.00010137601707102961,-0.5428587847535749,-0.4614299670405386,-0.5428587847535749,False,1.2078249616248127,1.120114442623703
2025-06-18,HOLD,0.1927456948093994,0.5,NEUTRAL,2.063959728425395,0.19550693450824866,0.40476190476190477,0.00019776228296542833,11.476519712138744,5.738259856069372,11.476519712138744,,1.2771330965293146,1.2486645974299253
2025-06-20,HOLD,0.16766332640706577,0.5,NEUTRAL,0.7722020990981784,0.19323301730596,0.5714285714285714,0.00010896763051371696,-0.1715877380800368,-0.0857938690400184,-0.1715877380800368,,1.2760373946330115,1.246522042090989
2025-06-23,HOLD,-0.08802919359328704,0.5,NEUTRAL,-0.47230831269837165,-0.022646773001158655,0.4186046511627907,0.00015374188693072306,1.5886600143415475,0.7943300071707737,1.5886600143415475,,1.2861733425613016,1.2663250393436423
2025-06-24,HOLD,0.09309939978733894,0.5,NEUTRAL,0.48988187113700976,0.06644320746186957,0.5581395348837209,0.00016326509197784128,1.6613392260316662,0.8306696130158331,1.6613392260316662,,1.2968571936886684,1.2873629939513191
2025-06-25,BUY,0.23828422182615122,0.85,TRENDING,0.0,0.58346855813214,0.5681818181818182,6.89420366897073e-05,-0.38022878030332663,-0.32319446325782764,-0.38022878030332663,False,1.2926658230423058,1.2824680693413417
2025-06-26,BUY,0.45115862583099675,0.85,NEUTRAL,4.96296554646164,0.6722584286714859,0.4318181818181818,0.00013638371038065072,0.8042269913608013,0.6835929426566811,0.8042269913608013,True,1.3015023953807578,1.2927820237105685
2025-06-27,HOLD,-0.01514916734943278,0.5,NEUTRAL,-0.442662501162944,-0.01724817990486926,0.5555555555555556,5.134656425552167e-06,-1.2225847775080068,-0.6112923887540034,-1.2225847775080068,,1.2935464102983443,1.276976667482323
2025-06-30,HOLD,-0.014998661694582097,0.5,CHOPPY,0.16966704934996427,-0.0038621288696682877,0.4444444444444444,2.686530528032598e-05,-7.6352194846477595,-3.8176097423238797,-7.6352194846477595,,1.2441638565173139,1.179476696152307
2025-07-01,HOLD,0.05854776443621585,0.5,NEUTRAL,0.7717801556665711,0.07675514241483161,0.43478260869565216,7.617576338517542e-05,-1.7199532646996252,-0.8599766323498126,-1.7199532646996252,,1.2334643380831227,1.1591902482104641
2025-07-02,SELL,-0.21876885704633448,0.25,NEUTRAL,-0.9786446522881311,-0.28560853177768253,0.425531914893617,6.035782314383946e-05,5.560498333869868,1.390124583467467,5.560498333869868,False,1.2506110290751205,1.223647002648589
2025-07-03,HOLD,0.06348106571920953,0.5,NEUTRAL,-0.24885926433219188,0.17862428290734722,0.5434782608695652,0.00012763901820643235,0.8656168227739958,0.4328084113869979,0.8656168227739958,,1.2560237788026911,1.234239096954885
2025-07-07,BUY,0.27525661349962227,0.85,NEUTRAL,1.5729358858789868,0.3360607331668363,0.5531914893617021,0.00012792759845695566,-5.128199226983354,-4.358969342935851,-5.128199226983354,False,1.2012740873446974,1.1709448571257184
2025-07-08,HOLD,0.1350028404015838,0.5,NEUTRAL,1.990264676882834,0.0012636278090101913,0.4375,0.00014939690601978162,4.201667061465031,2.1008335307325154,4.201667061465031,,1.2265108561676359,1.2201440614954884
2025-07-09,HOLD,0.12974379650608941,0.5,NEUTRAL,-0.10829378177055499,0.3370482577145595,0.5416666666666666,0.00010648404375587747,0.1299657577821467,0.06498287889107335,0.1299657577821467,,1.2273078782318851,1.221729830971045
2025-07-10,BUY,0.3369015642169534,0.85,NEUTRAL,2.532463527324998,0.28680562440130125,0.5510204081632653,9.745227405956535e-05,3.2467531931368754,2.759740214166344,3.2467531931368754,True,1.261178387299082,1.2613963832696031
2025-07-11,HOLD,-0.11639943773836295,0.5,NEUTRAL,-1.4057504508777094,-0.08351766192863029,0.56,7.461718955528304e-05,-3.6634743189627894,-1.8317371594813947,-3.6634743189627894,,1.2380769141315766,1.2151854507081958
2025-07-14,SELL,-0.4082062887680076,0.25,NEUTRAL,-3.167713342675438,-0.3790501433556194,0.4489795918367347,9.511503969410673e-05,-15.665005851161261,-3.9162514627903153,-15.665005851161261,True,1.1895907088714297,1.0248265787522965
2025-07-15,HOLD,-0.05082046241831653,0.5,NEUTRAL,0.7532949582686662,-0.2385302928383046,0.44,0.00036479926877372703,1.1299514173872538,0.5649757086936269,1.1299514173872538,,1.1963116074094295,1.0364066212046694
2025-07-16,HOLD,0.08251315898474766,0.5,NEUTRAL,0.09362616967972974,0.1437051945692412,0.5490196078431373,0.00031881280899847506,-6.36704387401783,-3.183521937008915,-6.36704387401783,,1.1582267649525664,0.9704181569193423
2025-07-17,HOLD,-0.08845617254723231,0.5,CHOPPY,0.0967140109696525,-0.20493453479142248,0.45098039215686275,0.0009292745426784388,0.7736936414457496,0.3868468207228748,0.7736936414457496,,1.1627073283695468,0.9779262204948623
2025-07-18,HOLD,-0.0003135259160819153,0.5,CHOPPY,0.04817065882264956,-0.06663016344254998,0.5384615384615384,0.0007931983683759064,3.227351452593874,1.613675726296937,3.227351452593874,,1.1814696542953218,1.0094873365772996
2025-07-21,HOLD,-0.11083161072624519,0.5,NEUTRAL,-1.0950414811044087,-0.12303242346419589,0.5471698113207547,0.0003390380515108077,-2.749457384387055,-1.3747286921935276,-2.749457384387055,,1.1652276519681644,0.9817319124573228
2025-07-22,HOLD,-0.06690329877837914,0.5,NEUTRAL,-0.24033234162818357,-0.07891627895404106,0.46153846153846156,8.045592671196628e-05,-1.2016342049166129,-0.6008171024583064,-1.2016342049166129,,1.1582267649525664,0.9699350859966536
2025-07-23,SELL,-0.2280012951857109,0.25,NEUTRAL,-0.7253366359609367,-0.41128425536622326,0.4528301886792453,7.393494581338032e-05,7.9303644363969195,1.9825911090992299,7.9303644363969195,False,1.1811896658177237,1.046854473112668
2025-07-24,HOLD,0.07723073380717942,0.5,CHOPPY,0.1860507698946221,0.12370512906866934,0.5370370370370371,0.00029603569975079777,-4.372086635855732,-2.186043317927866,-4.372086635855732,,1.1553683480560608,1.0010850885968512
2025-07-25,HOLD,0.158263830813941,0.5,CHOPPY,0.9985690804375964,0.26769883322318944,0.46296296296296297,0.00042110777374385956,1.9971381608752115,0.9985690804376057,1.9971381608752115,,1.1669054991449115,1.0210781409240504
2025-07-28,HOLD,0.19135594312873339,0.5,CHOPPY,1.412434781741932,0.17181788893235678,0.5272727272727272,0.00039860037483152236,-2.7777785261098087,-1.3888892630549043,-2.7777785261098087,,1.1506984739572905,0.9927148515906609
2025-07-29,HOLD,0.1250650783703788,0.5,CHOPPY,0.883263158929998,0.18633137083446533,0.4727272727272727,0.0003993367649564128,4.965389976989787,2.4826949884948935,4.965389976989787,,1.1792668073029153,1.0420070153316325
2025-07-30,SELL,-0.23178879491786514,0.25,CHOPPY,-2.003262530254112,-0.21041197644623946,0.5178571428571429,0.0004487680080336689,2.1430192462271958,0.5357548115567989,2.1430192462271958,False,1.185584785964133,1.064337426217227
2025-07-31,HOLD,0.18118679971412013,0.5,NEUTRAL,0.7835910517873954,0.2935847682321625,0.5263157894736842,8.339406531703799e-05,-2.1664034446391423,-1.0832017223195711,-2.1664034446391423,,1.1727425111430108,1.0412795835530733
2025-08-01,SELL,-0.41523682833075615,0.25,CHOPPY,-1.7241330273517006,-0.7502203366657604,0.48214285714285715,0.00017795596620080566,-7.40911652247489,-1.8522791306187225,-7.40911652247489,True,1.151020046353215,0.9641299658828848
2025-08-04,HOLD,0.07196832887425171,0.5,CHOPPY,1.8872459345278727,-0.2057972442752028,0.47368421052631576,0.00038411812191530687,5.710120678445696,2.855060339222848,5.710120678445696,,1.18388236319315,1.0191829504318548
2025-08-05,HOLD,0.15980115025917055,0.5,CHOPPY,0.047048832165069165,0.4211736049759376,0.5172413793103449,0.0005034571711191946,-2.7287604763965634,-1.3643802381982817,-2.7287604763965634,,1.167729706186228,0.991371888898298
2025-08-06,BUY,0.23929807308522805,0.5,CHOPPY,1.8840947049309398,0.26010792796017473,0.4827586206896552,0.0004230137441300244,0.81086652853819,0.405433264269095,0.81086652853819,True,1.1724640708518588,0.999410591718711
2025-08-07,HOLD,-0.016273179869962004,0.5,CHOPPY,-0.2375260754048789,-0.0017090159904074864,0.5084745762711864,0.00039490930613116836,-6.698336810053984,-3.349168405026992,-6.698336810053984,,1.133196274630595,0.9324667041700383
2025-08-08,BUY,0.3283836631349476,0.5,CHOPPY,1.7694795895876854,0.5294719142581912,0.4915254237288136,0.0005028372848884841,17.94053403326017,8.970267016630086,17.94053403326017,True,1.2348470062874641,1.0997562105804835
2025-08-11,STRONG_BUY,0.5755792540460415,0.5,CHOPPY,3.0672093046264606,0.931536299857569,0.5,0.0015281696803587383,-4.375287403541028,-2.187643701770514,-4.375287403541028,False,1.2078329535279146,1.0516387156292955
2025-08-12,STRONG_BUY,0.5324280163644693,0.5,CHOPPY,4.2425644406349265,0.8083441259975084,0.5,0.0016414257821955915,15.955743529549382,7.977871764774691,15.955743529549382,True,1.3041923176930623,1.219435491952553
2025-08-13,HOLD,0.19943809087434006,0.5,CHOPPY,0.40571987888112643,0.4868471254373042,0.4918032786885246,0.0022334409324640233,0.7687229700646725,0.38436148503233625,0.7687229700646725,,1.309205130653025,1.2288095726843133
2025-08-14,SELL,-0.2013686549735279,0.25,CHOPPY,-1.2337758712315257,-0.27966727781180795,0.5,0.0022348393447822077,-1.4039482158682226,-0.35098705396705565,-1.4039482158682226,True,1.3046099901345605,1.211557722612194
2025-08-15,AVOID,-0.5919299835597961,0.0,CHOPPY,-7.754924824804227,-0.9870928865882853,0.5081967213114754,0.0018194463654465653,-9.168806236752136,-0.0,-9.168806236752136,True,1.3046099901345605,1.1004723425794751
2025-08-18,SELL,-0.21187867477336608,0.25,CHOPPY,-0.6511021768440173,-0.4490425167019506,0.5,0.0015175973022731075,4.400536695519852,1.100134173879963,4.400536695519852,False,1.3189624504718829,1.1488990318387318
2025-08-19,BUY,0.25358418722742376,0.5,CHOPPY,1.5597519273564995,0.3657179624963693,0.49206349206349204,0.0014272431925327629,-4.13004664875245,-2.065023324376225,-4.13004664875245,False,1.2917255682298743,1.1014489658767268
2025-08-20,HOLD,0.00623456678703899,0.5,CHOPPY,0.6280815787266887,-0.14268882406143543,0.5079365079365079,0.00044243440089985895,-0.8075383480598886,-0.4037691740299443,-0.8075383480598886,,1.2865099785722989,1.0925543430929632
2025-08-21,SELL,-0.2671676940975332,0.25,CHOPPY,-1.193699494999396,-0.4787661855349851,0.5,0.0004152374789070233,4.954947911341634,1.2387369778354085,4.954947911341634,False,1.3024464534004163,1.1466898416963203
2025-08-22,HOLD,0.12126410529612387,0.5,CHOPPY,1.3406606820913463,0.050095887791555806,0.484375,0.0005955964617761397,3.8241711291638225,1.9120855645819113,3.8241711291638225,,1.3273503440222947,1.1905412235635253
2025-08-25,HOLD,0.11420765169394925,0.5,CHOPPY,-0.021562048228403376,0.3426570042249408,0.49230769230769234,0.0002643619541974152,1.7683841141095336,0.8841920570547668,1.7683841141095336,,1.339086670333429,1.211594565432948
2025-08-26,HOLD,-0.04428031669486042,0.5,CHOPPY,-0.06412736229089293,-0.11105252232099289,0.5,0.00022662341646166576,2.436937621625068,1.218468810812534,2.436937621625068,,1.3554030237611898,1.2411203692195483
2025-08-27,HOLD,0.042090790323129984,0.5,NEUTRAL,0.10560306941750255,0.08447802126146729,0.5074626865671642,2.705395585847174e-05,4.604013464471901,2.3020067322359505,4.604013464471901,,1.386604492617102,1.2982617181287197
2025-08-28,HOLD,0.07769231236998715,0.5,NEUTRAL,0.2477348265568773,0.1419942714136445,0.5147058823529411,1.0642269995831791e-05,10.033032097717376,5.016516048858688,10.033032097717376,,1.4561637295234344,1.4285167330209512
2025-08-29,HOLD,0.1826594055184878,0.5,NEUTRAL,0.5504277567787367,0.3598254698921575,0.5217391304347826,6.017964240008491e-05,6.2905536560390996,3.1452768280195498,6.2905536560390996,,1.5019641098861602,1.5183783445971308
2025-09-02,SELL,-0.47100008095963,0.25,TRENDING,-2.7825478658343306,-0.7239928309320375,0.5285714285714286,3.105199867884533e-05,-5.336388386918922,-1.3340970967297305,-5.336388386918922,True,1.4819264503022465,1.4373517789465577
2025-09-03,HOLD,0.1687927651004482,0.5,NEUTRAL,1.6643792426089214,0.0751529721883913,0.5076923076923077,0.0001839974301757944,7.597409979642489,3.7987049898212444,7.597409979642489,,1.5382204643153587,1.5465532864428124
2025-09-04,STRONG_BUY,0.5028345599794755,1.0,TRENDING,5.017921017989526,0.6922877967872025,0.5211267605633803,9.849725911853737e-05,35.80457264271168,35.80457264271168,35.80457264271168,True,2.0889737278662084,2.100290081345474
2025-09-05,STRONG_BUY,0.6136955095479649,1.0,TRENDING,4.83199462890625,1.0,0.5277777777777778,0.0006445978030800194,19.36000976562502,19.36000976562502,19.36000976562502,True,2.4933992455824474,2.5069064462004116
2025-09-08,HOLD,0.19145230954409673,0.5,TRENDING,0.14587668806606932,0.46393533250828217,0.5342465753424658,0.0006824505906912421,5.674688864289834,2.837344432144917,5.674688864289834,,2.564145570248124,2.6491655871411104
2025-09-09,HOLD,-0.0022459991253581317,0.5,TRENDING,-0.3333578284922566,0.015628643855112617,0.5405405405405406,0.0006882523463215075,0.0425544763856589,0.02127723819282945,0.0425544763856589,,2.564691149608717,2.6502929256853074
2025-09-10,BUY,0.45539960361095194,0.85,TRENDING,2.708829917526583,0.5900030127261647,0.5466666666666666,0.000568702123625327,9.672375349319884,8.2215190469219,9.672375349319884,True,2.7755477209685178,2.906639205314062
2025-09-11,STRONG_BUY,0.6261497907122558,1.0,TRENDING,11.33658697293237,1.0,0.5526315789473685,0.0005533292047609855,28.084429491161078,28.084429491161078,28.084429491161078,True,3.5550444636574494,3.7229522434929345
2025-09-12,BUY,0.39858697276703736,0.85,TRENDING,1.1980954570260567,0.7703723049721487,0.5584415584415584,0.000351337598328714,4.341623097063474,3.6903796325039524,4.341623097063474,True,3.6862391004707233,3.8845887979890668
2025-09-15,HOLD,0.009758566784498303,0.5,TRENDING,-0.9636528829997366,0.16603461119347057,0.5641025641025641,0.0003347408928457141,9.195400466161052,4.597700233080526,9.195400466161052,,3.8557213241849713,4.2417922944277935
2025-09-16,HOLD,0.09989324076713728,0.5,TRENDING,0.24420160910873018,0.12808491022011986,0.569620253164557,0.00032246161525782864,3.241218277757074,1.620609138878537,3.241218277757074,,3.9182074963344014,4.379278041579278
2025-09-17,HOLD,-0.0549424013645846,0.5,TRENDING,-0.8465335882520495,-0.06232362356056679,0.575,0.0002822247690513506,5.286724387277575,2.6433621936387874,5.286724387277575,,4.0217799119608255,4.6107984017901416
2025-09-18,BUY,0.46006411218537735,0.85,TRENDING,3.5436860570360764,0.4858024367653534,0.5802469135802469,0.00030065824206599673,10.428863386668441,8.864533878668174,10.428863386668441,True,4.378291954782064,5.091652268147527
2025-09-19,HOLD,0.1402025459506697,0.5,TRENDING,-0.8799461134960953,0.4881622391395809,0.5853658536585366,2.7739287035251907e-05,6.756339122294763,3.3781695611473816,6.756339122294763,,4.526198080896676,5.435661562311587
2025-09-22,BUY,0.3719431532348492,0.85,TRENDING,3.473244382698674,0.21934153881876495,0.5903614457831325,2.369414428256934e-05,1.389294767307181,1.1809005522111038,1.389294767307181,True,4.579647979028153,5.51117892396531
2025-09-23,BUY,0.38019088373527876,0.85,TRENDING,2.0209889895648088,0.4690462512242294,0.5952380952380952,3.366980883309666e-05,6.762540650692772,5.748159553088856,6.762540650692772,True,4.8428934518325,5.883874639030877
2025-09-24,SELL,-0.27999585461113263,0.25,TRENDING,-2.673873289382572,-0.30618321295221934,0.6,2.9853208805060326e-05,-12.349623309406145,-3.087405827351536,-12.349623309406145,True,4.693373677188197,5.157238285112883
2025-09-25,SELL,-0.48353663108485717,0.25,TRENDING,-3.5710732004587262,-0.688699169602205,0.5151515151515151,0.00022559766614335154,-11.098869706329072,-2.774717426582268,-11.098869706329072,True,4.563145819872632,4.584843127403285
2025-09-26,HOLD,0.15388480079814734,0.5,TRENDING,1.8135529407880828,-0.0025748387338593694,0.5074626865671642,0.000249202203080693,6.00276127601278,3.00138063800639,6.00276127601278,,4.700103194994287,4.8600603152209825
2025-09-29,STRONG_BUY,0.6464394623825316,1.0,TRENDING,7.341430242771381,1.0,0.5930232558139535,0.00024055174815050353,33.73145961735351,33.73145961735351,33.73145961735351,True,6.285516606187727,6.4994295978287715
2025-09-30,BUY,0.22360104629657898,0.85,TRENDING,0.5286330168467787,0.37425919629448495,0.5977011494252874,0.0009766617434421843,-2.2907542762252264,-1.9471411347914425,-2.2907542762252264,False,6.163128726814499,6.350543636386261
2025-10-01,HOLD,0.188857602307044,0.5,TRENDING,0.7664889783805257,0.33694053310529143,0.5147058823529411,0.000995356626630104,15.900189021314581,7.950094510657291,15.900189021314581,,6.6531032854097205,7.3602920784527415
2025-10-02,STRONG_BUY,0.6452018067659071,1.0,TRENDING,6.2499996063101495,1.0,0.5909090909090909,0.0008424622954612656,4.986784304133662,4.986784304133662,4.986784304133662,True,6.984879195784334,7.7273339685594165
2025-10-03,BUY,0.4970961479451471,0.85,TRENDING,3.3429949386888973,0.5700202491911308,0.5955056179775281,0.0005458275350425381,6.879336706065731,5.847436200155871,6.879336706065731,True,7.393315550415783,8.25892329065881
2025-10-06,STRONG_BUY,0.5293049045162572,1.0,TRENDING,4.041743083399422,0.655619108896134,0.6,0.0005392786579655942,-11.276388578283969,-11.276388578283969,-11.276388578283969,False,6.559616560132205,7.327615008021725
2025-10-07,BUY,0.4998618907959857,0.85,TRENDING,3.325904795077998,0.6830865874617759,0.5217391304347826,0.00029326677675700863,-0.3631282066974606,-0.3086589756928415,-0.3631282066974606,False,6.5393697148483225,7.301006371049402
2025-10-08,HOLD,-0.04225512204825051,0.5,TRENDING,0.45473589552315064,-0.24916629248358838,0.5142857142857142,0.0002814492737141584,18.07359770211083,9.036798851055416,18.07359770211083,,7.130319402106002,8.620560890758352
2025-10-09,HOLD,-0.17711992049634676,0.5,TRENDING,-3.70033720210189,0.07506753241638274,0.5934065934065934,0.00032284515125803636,-3.3363847824940063,-1.6681923912470031,-3.3363847824940063,,7.0113719563684604,8.332945809033461
2025-10-10,HOLD,0.12472571086136426,0.5,TRENDING,1.3726204030071394,-0.0003394797809791417,0.5211267605633803,0.0003462836030381908,-19.694617111212676,-9.847308555606338,-19.694617111212676,,6.320940525843605,6.691804037859478
2025-10-13,BUY,0.4573774861723137,0.85,TRENDING,10.974254921876202,0.5731466875882955,0.5138888888888888,0.0005609964267803511,30.279696165947144,25.73774174105507,30.279696165947144,True,7.9478078739909215,8.71806196854391
2025-10-14,SELL,-0.32675866335511433,0.25,TRENDING,-8.186616315648019,-0.34261916443113016,0.5869565217391305,0.0010673889126133606,-10.875863103237094,-2.7189657758092736,-10.875863103237094,True,7.731709697970033,7.7698974835896975
2025-10-15,BUY,0.4309573977128694,0.85,TRENDING,5.860632438382405,0.48870297486117614,0.5205479452054794,0.001208720304273284,26.726376013648867,22.717419611601535,26.726376013648867,True,9.488154633208776,9.84650950092892
2025-10-16,BUY,0.3058065887260769,0.85,TRENDING,1.1780990383156327,0.47925647827142914,0.5806451612903226,0.0014355972457355279,-0.04157834880449407,-0.03534159648381996,-0.04157834880449407,False,9.484801367884547,9.842415484863556
2025-10-17,SELL,-0.2797886013729593,0.25,NEUTRAL,-3.500383241287382,-0.12131203136063672,0.527027027027027,0.0028096797008331665,-5.6976509165268086,-1.4244127291317021,-5.6976509165268086,True,9.349698649867543,9.281629008781852
2025-10-20,BUY,0.4701920955202542,0.85,NEUTRAL,4.152391490699607,0.6023033890532775,0.52,0.0020469688279763816,11.244277137749092,9.557635567086727,11.244277137749092,True,10.243308773442712,10.325281097426998
2025-10-21,HOLD,-0.05682351413171809,0.5,CHOPPY,-1.5130980383426051,0.09478100317098768,0.574468085106383,0.003798015331793915,1.688732851512631,0.8443664257563155,1.688732851512631,,10.329799833612213,10.499647511330272
2025-10-22,HOLD,-0.03512002618145322,0.5,CHOPPY,-0.1272604937780749,-0.1804890246651741,0.5789473684210527,0.00272503536998567,-3.134833469254339,-1.5674167346271695,-3.134833469254339,,10.167888822366686,10.17050104699136
2025-10-23,HOLD,-0.08139940822254209,0.5,CHOPPY,0.03062141536563725,-0.27684601361647393,0.5263157894736842,0.0007099426914047507,27.356252495323474,13.678126247661737,27.356252495323474,,11.558665492211889,12.952768993445835
2025-10-24,STRONG_BUY,0.6355445080816562,0.5,CHOPPY,4.399874714428639,1.0,0.5729166666666666,0.0030460841722571605,22.87937774467519,11.439688872337594,22.87937774467519,True,12.880940862315178,15.91628193985147
2025-10-27,STRONG_BUY,0.601093459923603,1.0,NEUTRAL,2.8684981912564913,0.9248094270357219,0.5773195876288659,0.000970497637911735,-10.38891059166167,-10.38891059166167,-10.38891059166167,False,11.54275143276444,14.262753639603506
2025-10-28,HOLD,0.031599597987836014,0.5,CHOPPY,-0.5666043225539662,0.1827768689490396,0.5324675324675324,0.004630151661989577,-1.0878879075159498,-0.5439439537579749,-1.0878879075159498,,11.479965334248606,14.107590867479468
2025-10-29,STRONG_BUY,0.6004469063029422,0.5,CHOPPY,6.346493173315261,0.9687581554136911,0.5256410256410257,0.004796536374541669,32.8490879411492,16.4245439705746,32.8490879411492,True,13.36549728837899,18.741805797915333
2025-10-30,SELL,-0.4251089546249602,0.25,CHOPPY,-6.0383618619276715,-0.5971649794474515,0.5714285714285714,0.006051658442126103,-8.357793365264099,-2.0894483413160247,-8.357793365264099,True,13.086232126978317,17.175404396406485
2025-10-31,BUY,0.367403367325847,0.5,CHOPPY,3.921965268372962,0.29574047823800015,0.5316455696202531,0.006428616225265417,3.5849191865512164,1.7924595932756082,3.5849191865512164,True,13.320797550136653,17.79112876398102
2025-11-03,STRONG_BUY,0.5565801161992013,0.5,CHOPPY,5.779362949198636,0.7865444129429487,0.5656565656565656,0.005129037197045218,7.70580705887971,3.852903529439855,7.70580705887971,True,13.834035029095407,19.162078820130247
2025-11-04,AVOID,-0.5167647436874687,0.0,CHOPPY,-9.117917250790859,-0.8586354703876362,0.57,0.004141096839319883,-12.018730991470461,-0.0,-12.018730991470461,True,13.834035029095407,16.859040114365257
2025-11-05,HOLD,0.1761514189548172,0.5,CHOPPY,3.7570012249692972,-0.2600376754104401,0.5375,0.0052846488384291875,22.542007349815798,11.271003674907899,22.542007349815798,,15.393269625612795,20.659406176053867
2025-11-06,HOLD,0.019937956464080718,0.5,CHOPPY,-2.0785219399538106,0.46265665325822897,0.5643564356435643,0.003199761117546723,-8.1385658739896,-4.0692829369948,-8.1385658739896,,14.76687393129213,18.97802679524065
2025-11-07,HOLD,-0.001233762246892717,0.5,CHOPPY,0.35148332560928625,-0.1462146628055701,0.5432098765432098,0.003179485568850977,30.61292591115592,15.30646295557796,30.61292591115592,,17.02716001928226,24.787756077466987
2025-11-10,BUY,0.40865834011728824,0.5,CHOPPY,3.1401388035001427,0.3742805902430375,0.5588235294117647,0.005838770578857405,23.77652997111546,11.88826498555773,23.77652997111546,True,19.051393921889478,30.681424330392918
2025-11-11,HOLD,0.0003280700526203978,0.5,CHOPPY,-2.112335661226311,0.4194230881886577,0.5631067961165048,0.0066514570093431525,2.7094414628574093,1.3547207314287046,2.7094414628574093,,19.309487104975464,31.512719562595805
2025-11-12,HOLD,-0.10363001444255897,0.5,NEUTRAL,0.0,-0.39095990157771254,0.5673076923076923,0.0014929834806857985,8.483702850603558,4.241851425301779,8.483702850603558,,20.12856685895633,34.18616505043045
2025-11-13,SELL,-0.4055533518201118,0.25,NEUTRAL,-5.333806350394179,-0.5452879971128479,0.5714285714285714,0.0013894618163358085,-27.92652626425074,-6.981631566062685,-27.92652626425074,True,18.723264481335402,24.639156688881886
2025-11-14,AVOID,-0.5344265892304783,0.0,NEUTRAL,-3.1079390304990335,-0.8798289758165124,0.5487804878048781,0.002922305323793213,8.695648905404152,0.0,8.695648905404152,False,18.723264481335402,26.781691247799458
2025-11-17,HOLD,0.09381769778536826,0.5,NEUTRAL,-0.2990280747065883,0.24665659525769384,0.5660377358490566,0.002039907512679485,9.22253781227056,4.61126890613528,9.22253781227056,,19.586644554576694,29.25164284989332
2025-11-18,SELL,-0.4637079900683432,0.25,NEUTRAL,-3.283440208366141,-0.7094987938754319,0.5700934579439252,0.0014338039463487647,-15.758997910553706,-3.9397494776384265,-15.758997910553706,True,18.814979828050863,24.641877064375997
2025-11-19,HOLD,0.17446129807189326,0.5,NEUTRAL,2.523173200250291,-0.1782995436301793,0.5542168674698795,0.001689095822248823,0.8410681165123002,0.4205340582561501,0.8410681165123002,,18.894103226281842,24.84913203567462
2025-11-20,BUY,0.3666953613254334,0.85,NEUTRAL,2.5247972375860273,0.3552503675881709,0.5648148148148148,0.0014981484555646194,-40.65701629140588,-34.558463847694995,-40.65701629140588,False,12.36459139348106,14.746216375657433
2025-11-21,HOLD,0.12076250849381304,0.5,NEUTRAL,4.801994325842412,-0.4521395268817865,0.5595238095238095,0.00250187286488828,4.398854267123031,2.1994271335615156,4.398854267123031,,12.636541571543294,15.394880943937235
2025-11-24,STRONG_BUY,0.5121686129494802,0.5,CHOPPY,2.8861030888247106,0.6969639947230518,0.5596330275229358,0.006979632334827749,26.654018946437308,13.327009473218654,26.654018946437308,True,14.320614663870082,19.49823542751573
2025-11-25,BUY,0.40757207195068007,0.85,NEUTRAL,0.6344673687080944,0.9255462187819206,0.5636363636363636,0.0035318905561612856,-5.692638811040784,-4.8387429893846665,-5.692638811040784,False,13.627676925785275,18.388271310100865
2025-11-26,BUY,0.39326324384813915,0.85,NEUTRAL,2.494331065759637,0.44014558229043593,0.5647058823529412,0.0033385775887348444,-4.952387042056405,-4.209528985747944,-4.952387042056405,False,13.05401591551026,17.477612944481255
2025-11-28,STRONG_BUY,0.6198379043925641,1.0,NEUTRAL,4.747957139433931,0.9764651263480829,0.5581395348837209,0.0033155242370839595,7.66369582443196,7.66369582443196,7.66369582443196,True,14.054435988147903,18.817044037917846
2025-12-01,SELL,-0.3539442286926514,0.25,NEUTRAL,-5.123612730181992,-0.37980949068669917,0.5585585585585585,0.0009672874386199471,-11.743103441441939,-2.9357758603604847,-11.743103441441939,True,13.64182924909804,16.60733909192347
2025-12-02,HOLD,0.16317817674522234,0.5,NEUTRAL,0.7517732525194208,0.19804540198006312,0.5632183908045977,0.0013156013112788575,-4.586755585880664,-2.293377792940332,-4.586755585880664,,13.328970566548387,15.845601038458527
2025-12-03,SELL,-0.387680043855562,0.25,CHOPPY,-4.214754576113305,-0.4738171023819303,0.5568181818181818,0.0008438297699243135,-10.684198582563686,-2.6710496456409216,-10.684198582563686,True,12.972947145463014,14.152625556908845
2025-12-04,HOLD,-0.11882658281192873,0.5,NEUTRAL,-1.0572115870710224,-0.15973147175627228,0.550561797752809,0.0003350032812869035,19.47730445545952,9.73865222772976,19.47730445545952,,14.236337351646851,16.909175525069156
2025-12-05,HOLD,-0.12083869730425639,0.5,NEUTRAL,-0.4266108820611691,-0.3193527812894623,0.5535714285714286,0.0010001043340937639,14.214058258516538,7.107029129258269,14.214058258516538,,15.248117994167869,19.312655585237305
2025-12-08,STRONG_BUY,0.5531836974714943,1.0,NEUTRAL,3.1470225425615825,0.7850838969699533,0.5575221238938053,0.0011890947163067064,-2.626165346847431,-2.626165346847431,-2.626165346847431,False,14.847677203358625,18.805473316701807
2025-12-09,HOLD,-0.0505969612611863,0.5,NEUTRAL,-1.4192561897003073,0.11480224361829271,0.5555555555555556,0.0009472505455808075,-5.331081274047644,-2.665540637023822,-5.331081274047644,,14.451906333848978,17.80293825021909
2025-12-10,HOLD,-0.010856689472615482,0.5,NEUTRAL,-0.6652723362807283,0.0575617821029935,0.5494505494505495,0.0009640885907019798,12.211786645897016,6.105893322948508,12.211786645897016,,15.334324317726235,19.976995086036634
2025-12-11,HOLD,0.018414903726261162,0.5,CHOPPY,-1.2282060477777152,0.2715840693549585,0.5526315789473685,0.002016020133940903,7.515245192016895,3.7576225960084475,7.515245192016895,,15.910530353234334,21.478315248749453
2025-12-12,SELL,-0.4680939601828935,0.25,CHOPPY,-3.9319564488229966,-0.7027574407670147,0.5565217391304348,0.0012990849321858884,-29.328262774775517,-7.332065693693879,-29.328262774775517,True,14.743959815520087,15.179098513001534
2025-12-15,HOLD,0.1939819709621618,0.5,CHOPPY,4.008640480181927,-0.23393267944397014,0.5543478260869565,0.004385014253089705,-4.1808106622365,-2.09040533111825,-4.1808106622365,,14.435751293518523,14.544489143938584
2025-12-16,HOLD,-0.07056098035954063,0.5,NEUTRAL,-0.3665677179738517,-0.1821973238777731,0.5483870967741935,0.0014605185275416452,7.371082995357714,3.685541497678857,7.371082995357714,,14.96778689794286,15.61657550998909
2025-12-17,BUY,0.3618146837264044,0.85,NEUTRAL,3.191442364190142,0.2469401641086116,0.5517241379310345,0.0015881422570895704,-2.3696868343279442,-2.0142338091787524,-2.3696868343279442,False,14.666300673758666,15.246511576155998
2025-12-18,BUY,0.4748590375345882,0.85,NEUTRAL,7.689889589755254,0.5675585044467397,0.5531914893617021,0.0012739456754059864,12.212933105448665,10.380993139631364,12.212933105448665,True,16.18880834053926,17.108557835866417
2025-12-19,BUY,0.48052843613955104,0.85,NEUTRAL,1.2895226855412307,1.0,0.5470085470085471,0.0014535371994166808,16.540593585371035,14.059504547565377,16.540593585371035,True,18.46487458537402,19.938414855815232
2025-12-22,STRONG_BUY,0.6252865144731719,1.0,NEUTRAL,5.06502404410375,1.0,0.5508474576271186,0.000457381134625117,2.8955030786329328,2.8955030786329328,2.8955030786329328,True,18.999525597459233,20.51573227179597
2025-12-23,HOLD,0.016735029318572365,0.5,NEUTRAL,-1.0910619578991625,0.22982791935463173,0.5546218487394958,0.00031279000122145915,3.1943503804062523,1.5971751902031261,3.1943503804062523,,19.302981306558145,21.171076643663213
2025-12-24,HOLD,0.04801736747637123,0.5,NEUTRAL,0.0,0.05414366013892482,0.5583333333333333,0.00033193412973043753,4.230304666124107,2.1151523330620536,4.230304666124107,,19.711268766014342,22.066677686788807
2025-12-26,STRONG_BUY,0.5615076580046081,1.0,TRENDING,3.804782197689057,0.8015668041856743,0.5619834710743802,0.00010819665856000627,-0.023991346031060345,-0.023991346031060345,-0.023991346031060345,False,19.706539767317576,22.06138359378741
2025-12-29,SELL,-0.38788216247647145,0.25,NEUTRAL,-3.3973246439905793,-0.4764556737906965,0.5578947368421052,0.00023348356926771493,-4.639074569862944,-1.159768642465736,-4.639074569862944,True,19.477989498581184,21.037939557728105
2025-12-30,HOLD,0.17451092637525564,0.5,TRENDING,0.6632528627175026,0.266311637445519,0.5520833333333334,3.6284301559690413e-05,-3.299896646302458,-1.649948323151229,-3.299896646302458,,19.15661273746577,20.343709295811497
2025-12-31,HOLD,0.06609924121357974,0.5,TRENDING,0.4974573554896387,0.0041752484528580405,0.5463917525773195,4.250552572297975e-05,-2.3644961480800086,-1.1822480740400043,-2.3644961480800086,,18.93013405232578,19.86268307313544
2026-01-02,BUY,0.3063098071427931,0.85,TRENDING,2.936220859943115,0.11779084201204627,0.5408163265306123,3.407496218479936e-05,31.89820926177238,27.113477872506525,31.89820926177238,True,24.062751759838953,26.198523284806825
2026-01-05,STRONG_BUY,0.6284855103147099,1.0,TRENDING,3.2626112864927004,1.0,0.5573770491803278,0.0006767142515134072,-0.8429034321077999,-0.8429034321077999,-0.8429034321077999,False,23.859925999395692,25.977695032877627
2026-01-06,STRONG_BUY,0.5396129712119184,1.0,TRENDING,5.350630933811437,0.7631152133185143,0.5454545454545454,0.0006820872561140786,55.12990514586651,55.12990514586651,55.12990514586651,True,37.013880570736475,40.299173663585535
2026-01-07,HOLD,0.003112532689456024,0.5,NEUTRAL,-2.5026456190259725,0.5326149481287623,0.5528455284552846,0.0039055393258511655,2.248086617793854,1.124043308896927,2.248086617793854,,37.42993261865494,41.20513399379811
2026-01-08,BUY,0.2470067699257544,0.85,TRENDING,2.0279481494639744,0.14380255176325935,0.5564516129032258,0.0018186958833237483,-10.759129508433585,-9.145260082168546,-10.759129508433585,False,34.0068679320985,36.771820263281775
2026-01-09,HOLD,0.196324367139261,0.5,NEUTRAL,2.110359711324554,-0.009386482247901052,0.55,0.004178911170066016,25.629218641830054,12.814609320915027,25.629218641830054,,38.36471519987646,46.19615047713903
2026-01-12,HOLD,0.1053116890775254,0.5,NEUTRAL,-0.9114762216229018,0.44699549893710805,0.552,0.00393461249517985,6.284934281805965,3.1424671409029825,6.284934281805965,,39.570313768733584,49.09954817535141
2026-01-13,HOLD,0.1690750850913397,0.5,NEUTRAL,1.0095880248352116,0.1664901303691172,0.5555555555555556,0.0036885790618779914,0.2774467902291189,0.13872339511455944,0.2774467902291189,,39.625207051451056,49.23577329578092
2026-01-14,HOLD,-0.010286338384090297,0.5,TRENDING,0.04874232128376595,-0.12493436269378254,0.5590551181102362,0.0004957686778834027,-1.026140946884957,-0.5130704734424785,-1.026140946884957,,39.42190181402962,48.73054486547747
2026-01-15,BUY,0.34770833146731156,0.85,TRENDING,2.8415948745640263,0.23952860645397595,0.5544554455445545,0.0005132548139760243,11.051800010670654,9.394030009070056,11.051800010670654,True,43.1252071005857,54.11614722812018
2026-01-16,STRONG_BUY,0.5288657706796521,1.0,TRENDING,3.995212221110612,0.7189134874840526,0.5546875,0.0003256664658874199,2.1405556579668694,2.1405556579668694,2.1405556579668694,True,44.04832616118721,55.274533479485385
2026-01-20,HOLD,0.1752509689541699,0.5,TRENDING,-0.35176891577821223,0.5014736613958128,0.5581395348837209,6.834553791342185e-05,19.099656915187957,9.549828457593978,19.099656915187957,,48.254865748022084,65.8317797355378
2026-01-21,BUY,0.24110748089086886,0.85,TRENDING,2.1914708648452206,0.07936463109697765,0.5615384615384615,0.00020647610913045888,21.261482144603416,18.072259822912905,21.261482144603416,True,56.97561046320244,79.82859182948381
2026-01-22,BUY,0.28016767481460497,0.85,TRENDING,0.0,0.708022237165432,0.5648854961832062,0.00027618761633095486,0.8577844600274886,0.7291167910233654,0.8577844600274886,True,57.391029205877715,80.5133490848559
2026-01-23,HOLD,0.10220476534794612,0.5,TRENDING,0.0,0.19482327531133767,0.5681818181818182,0.0002476336731039325,-11.76307632510265,-5.881538162551325,-11.76307632510265,,54.01555392125304,71.04250238010796
2026-01-26,HOLD,0.10670782869836566,0.5,TRENDING,0.5603273018880478,0.08789319404026928,0.5588235294117647,0.0005349858187164456,-1.2789392251073783,-0.6394696125536892,-1.2789392251073783,,53.670140867874075,70.13391195067092
2026-01-27,BUY,0.25041004066136735,0.85,TRENDING,2.1675907719715872,0.12356269817252122,0.5533980582524272,0.0005616571873142735,4.515720118279587,3.838362100537649,4.515720118279587,True,55.73019521425172,73.30096312236385
2026-01-28,STRONG_BUY,0.6318333386976819,1.0,TRENDING,3.878032883652865,1.0,0.5639097744360902,0.00040516173454438476,19.19282674943128,19.19282674943128,19.19282674943128,True,66.4263950288429,87.36948998010367
2026-01-29,BUY,0.42174578848848293,0.85,TRENDING,1.5579043320234733,0.7384126455847801,0.5671641791044776,0.00035362673461677334,4.423547865799682,3.7600156859297296,4.423547865799682,True,68.92403790152505,91.2343211894786
2026-01-30,STRONG_BUY,0.635079128414259,1.0,TRENDING,20.754681106862908,1.0,0.5703703703703704,0.00035352256975410484,13.70295310342784,13.70295310342784,13.70295310342784,True,78.36866649215986,103.73611743630359
2026-02-02,HOLD,0.14602449358198538,0.5,TRENDING,2.17960912079718,-0.20662174797554275,0.5735294117647058,0.00018897969564188089,30.88589682754881,15.442948413774404,30.88589682754881,,90.47109923110702,135.77594764058517
2026-02-03,STRONG_BUY,0.6382173093266094,1.0,TRENDING,4.332272224654592,1.0,0.5766423357664233,0.00034619518867429075,9.100481022070062,9.100481022070062,9.100481022070062,True,98.70440444709209,148.13221198815242
2026-02-04,AVOID,-0.5602329361989956,0.0,TRENDING,-5.968283587983611,-1.0,0.5797101449275363,0.0002933622092127993,-31.907526970042575,-0.0,-31.907526970042575,True,98.70440444709209,100.86688649671204
2026-02-05,AVOID,-0.5716020550683583,0.0,TRENDING,-3.558290689817878,-1.0,0.5576923076923077,0.0014940297150404652,-2.85689017545403,-0.0,-2.85689017545403,True,98.70440444709209,97.9852303261011
2026-02-06,STRONG_BUY,0.57633926010606,1.0,TRENDING,6.646995310928141,0.8588812810098944,0.5523809523809524,0.001532214792930761,7.549461832425353,7.549461832425353,7.549461832425353,True,106.15605578774806,105.38258789098418
2026-02-09,HOLD,0.13380326657787725,0.5,TRENDING,-0.9674778930658369,0.5059912780060398,0.5755395683453237,0.0014676904713737018,-4.866623462140196,-2.433311731070098,-4.866623462140196,,103.57294802902346,100.25401414367103
2026-02-10,SELL,-0.2194744809312453,0.25,TRENDING,-1.6318167865713453,-0.31875129513449896,0.5566037735849056,0.0007622740411490181,-14.316080911229534,-3.5790202278073835,-14.316080911229534,True,99.86605126852828,85.90156836210758
2026-02-11,STRONG_BUY,0.5126163966663798,1.0,TRENDING,6.805255216508925,0.6774324802220846,0.5514018691588785,0.0006196866359633531,21.30566821008695,21.30566821008695,21.30566821008695,True,121.14318080631624,104.20347150459925
2026-02-12,STRONG_BUY,0.6355585228018082,1.0,TRENDING,6.8758899941514855,1.0,0.5714285714285714,0.0005192097082580677,10.32801074016656,10.32801074016656,10.32801074016656,True,133.65486153097197,114.96561723322066
2026-02-13,SELL,-0.4218605698767402,0.25,TRENDING,-3.135850846802421,-0.5969513913547215,0.574468085106383,0.0005387515192639076,-1.1835760043096277,-0.29589400107740693,-1.1835760043096277,True,133.2593848135535,113.6049117744418
2026-02-17,SELL,-0.26677950571663495,0.25,TRENDING,-2.323799415112221,-0.28784546767036756,0.5555555555555556,0.0005380618347743608,-11.481732266114285,-2.8704330665285713,-11.481732266114285,True,129.43426336761272,100.56109996334504
2026-02-18,SELL,-0.2303101674372499,0.25,TRENDING,-1.3715159844844484,-0.403022437467294,0.5504587155963303,0.0006289113827493838,3.3221006493543204,0.8305251623385801,3.3221006493543204,False,130.50924749356832,103.90184091822518
2026-02-19,HOLD,0.1320802885035516,0.5,TRENDING,-0.5113269819092374,0.39887806869434567,0.5704225352112676,0.0004257377311113416,6.892072485039558,3.446036242519779,6.892072485039558,,135.00664346203652,111.06283110759975
2026-02-20,HOLD,-0.1061417998517464,0.5,TRENDING,-0.8195312491554833,-0.21285852005888278,0.5734265734265734,0.0002011126048907166,9.299760936066948,4.649880468033474,9.299760936066948,,141.28429100692534,121.39140888943432
2026-02-23,BUY,0.32861007499787837,0.85,TRENDING,1.4800770167792456,0.4775216986415555,0.5763888888888888,0.0001890512312698109,5.083317776474816,4.320820110003593,5.083317776474816,True,147.38893106502857,127.56211995662416
2026-02-24,BUY,0.27935045204710673,0.85,TRENDING,2.4021380666189733,0.1130677135148779,0.5793103448275863,0.0001886410504714567,-8.39321553600203,-7.134233205601726,-8.39321553600203,False,136.87386100360587,116.85555628637124
2026-02-25,HOLD,0.17798964379014134,0.5,TRENDING,0.9052133190689836,0.21520656320588732,0.5545454545454546,0.00013274620131703798,-1.923201923393103,-0.9616009616965515,-1.923201923393103,,135.55768063988398,114.60818798028004
2026-02-26,BUY,0.4105161454831044,0.85,TRENDING,2.1126514514067005,0.5992324854651291,0.5495495495495496,0.00014762273896877187,6.1735094027418835,5.247482992330601,6.1735094027418835,True,142.67104687625974,121.68353524155472
2026-02-27,AVOID,-0.542366573913551,0.0,TRENDING,-3.8073333938785083,-0.9428424506057208,0.5753424657534246,0.00014316359420387024,-5.074409707950678,-0.0,-5.074409707950678,True,142.67104687625974,115.50881411627968
2026-03-02,SELL,-0.3530925328280616,0.25,TRENDING,-2.630786673017131,-0.45889195406340305,0.5535714285714286,0.00011280146719083037,-5.1246438671175065,-1.2811609667793766,-5.1246438671175065,True,140.8432011127856,109.5893987576896
2026-03-03,AVOID,-0.5005206513229146,0.0,TRENDING,-6.047683887036655,-0.7852313192185778,0.5486725663716814,8.657594084351699e-05,-17.33864523607249,-0.0,-17.33864523607249,True,140.8432011127856,90.58808169074896
2026-03-04,HOLD,0.16757513386365377,0.5,TRENDING,3.790179644648664,-0.29798389871074316,0.543859649122807,0.0002010871632988059,11.902876147344088,5.951438073672044,11.902876147344088,,149.2253970079904,101.3706688586537
2026-03-05,HOLD,0.12446405342917108,0.5,NEUTRAL,-0.7803872420160206,0.4399974406316741,0.5714285714285714,0.0007235544606627682,-11.174163135421612,-5.587081567710806,-11.174163135421612,,140.8880523574137,90.04334494891971
2026-03-06,SELL,-0.42309071994671726,0.25,NEUTRAL,-3.065829670278085,-0.5622948250010897,0.5478260869565217,0.0006685822486558124,-13.529237769039382,-3.3823094422598454,-13.529237769039382,True,136.1227824595129,77.86116671558405
2026-03-09,SELL,-0.48717744437881666,0.25,NEUTRAL,-1.9589283285733714,-0.9864642592137514,0.5431034482758621,0.0007421680360680744,23.287111064813626,5.8217777662034065,23.287111064813626,False,144.04754834347827,95.9927830850018
2026-03-10,BUY,0.46770130415931244,0.85,NEUTRAL,1.7835001356037352,0.816668058707122,0.5675675675675675,0.0018043715742510765,10.245795247483036,8.708925960360581,10.245795247483036,True,156.59254267642643,105.82800709225162
2026-03-11,BUY,0.2746179639178823,0.85,TRENDING,1.1407515699868263,0.412953332276745,0.5704697986577181,0.0007107751335766146,11.80822994796591,10.036995455771022,11.80822994796591,True,172.30972906893564,118.32442151905437
2026-03-12,HOLD,-0.020725302483031036,0.5,TRENDING,-1.2861774361844436,0.14286402346613414,0.5733333333333334,0.0007097478249145406,-11.171287783796057,-5.5856438918980285,-11.171287783796057,,162.6851212120506,105.1060598726489
2026-03-13,HOLD,0.10646764636294798,0.5,TRENDING,1.9278615000453212,-0.22136813245086726,0.5470085470085471,0.000709685957662616,13.832774404963466,6.916387202481733,13.832774404963466,,173.93705411590275,119.64514402077825
2026-03-16,STRONG_BUY,0.5720606967631504,1.0,NEUTRAL,3.9146374966305295,0.8216095019648905,0.5695364238410596,0.0009028028169703076,12.699135478269241,12.699135478269241,12.699135478269241,True,196.02555626499174,134.8390429531472
2026-03-17,BUY,0.40249390251720124,0.85,TRENDING,1.7580255292336044,0.6282879070277482,0.5723684210526315,0.0003106763498669674,4.701328230054225,3.996128995546091,4.701328230054225,True,203.8589903575776,141.17826894463846
2026-03-18,BUY,0.34496663251381293,0.85,TRENDING,1.367042777664541,0.5530189417752192,0.5751633986928104,0.00030642641988023296,9.308918818248424,7.912580995511161,9.308918818248424,True,219.98949808625218,154.32043938970327
2026-03-19,AVOID,-0.5515839813374144,0.0,TRENDING,-6.174949631358801,-0.972736480180699,0.577922077922078,0.00029084078402940905,4.882650520627818,0.0,4.882650520627818,False,219.98949808625218,161.85536712699974
2026-03-20,HOLD,-0.0372479632805964,0.5,TRENDING,0.07900443346572149,-0.2403969927449146,0.5806451612903226,5.099751282576138e-05,-16.158738673745287,-8.079369336872643,-16.158738673745287,,202.2157340335315,135.70158132351682
2026-03-23,HOLD,-0.05678550353843947,0.5,TRENDING,0.8862743701801764,-0.44559546868321354,0.5508474576271186,0.00035671942629584983,-2.034642745557691,-1.0173213727788455,-2.034642745557691,,200.15855015208678,132.9405389435108
2026-03-24,HOLD,-0.18621463608179062,0.5,TRENDING,-1.2526851507211896,-0.29957014604685994,0.5462184873949579,0.0002796647870093595,-0.0028497959441819987,-0.0014248979720909993,-0.0028497959441819987,,200.1556980969647,132.9367504094238
2026-03-25,AVOID,-0.5792452479301116,0.0,TRENDING,-7.328319937943071,-1.0,0.5416666666666666,0.00026193754481645677,-7.009451031119518,-0.0,-7.009451031119518,True,200.1556980969647,123.61861398711368
2026-03-26,SELL,-0.4378239256404299,0.25,TRENDING,-3.5198987795669714,-0.5896144250584081,0.5371900826446281,0.00017972730767035617,-22.03699998685402,-5.509249996713505,-22.03699998685402,True,189.1286203061358,96.37678003902431
2026-03-27,SELL,-0.3384601114376673,0.25,TRENDING,-0.5670015098655309,-0.8786538112859937,0.5327868852459017,0.0002486476279759446,4.197832961980552,1.049458240495138,4.197832961980552,False,191.1134461970733,100.42251627919796
2026-03-30,BUY,0.42782010718937546,0.85,TRENDING,4.269031599268129,0.3984156131205588,0.5769230769230769,0.0002896528811949839,-14.07207050237771,-11.961259927021052,-14.07207050237771,False,168.25387014195383,86.2909889881275
2026-03-31,HOLD,0.07326711481239402,0.5,TRENDING,2.709172011462882,-0.48770151230486,0.5365853658536586,0.00031457698769265364,21.95284780977076,10.97642390488538,21.95284780977076,,186.72212816511004,105.23431847423717
2026-04-01,STRONG_BUY,0.6086976609518202,1.0,TRENDING,2.6678550784477624,1.0,0.5732484076433121,0.0008259980238308201,18.065902095709376,18.065902095709376,18.065902095709376,True,220.4551650304438,124.24584742087985
2026-04-02,SELL,-0.2919452561248856,0.25,TRENDING,-7.310200950017305,-0.22744081706883076,0.5759493670886076,0.0010521789836619863,2.5580086430569526,0.6395021607642382,2.5580086430569526,False,221.86498057432982,127.42406693654532
2026-04-06,BUY,0.3818295969021953,0.85,TRENDING,2.6725009310690497,0.3428150337435676,0.5786163522012578,0.0005741731036769623,6.567932024521239,5.582742220843053,6.567932024521239,True,234.25113051811817,135.79319303581806
2026-04-07,HOLD,-0.01644659524580912,0.5,TRENDING,-1.232352043885543,0.13084361677267042,0.58125,0.0005695248637172996,-3.8171251526026406,-1.9085625763013203,-3.8171251526026406,,229.7803011064866,130.6097969089256
2026-04-08,STRONG_BUY,0.6200639134953979,1.0,TRENDING,10.29825738099926,1.0,0.5403225806451613,0.0003245894239421901,19.724265004211404,19.724265004211404,19.724265004211404,True,275.1027766242049,156.3716193727044
2026-04-09,STRONG_BUY,0.6387337772964237,1.0,TRENDING,4.63311455303493,1.0,0.577639751552795,0.0002869949332459724,18.09962369080025,18.09962369080025,18.09962369080025,True,324.8953439561288,184.6742940383744
2026-04-10,STRONG_BUY,0.5119201785080228,1.0,TRENDING,2.6280874960749703,0.7225018955237082,0.5802469135802469,0.00028744351659773737,0.046974929908527585,0.046974929908527585,0.046974929908527585,True,325.0479633162282,184.761044658558
2026-04-13,BUY,0.28488125964010264,0.85,TRENDING,1.7980208378118863,0.2677967788672171,0.5828220858895705,0.00031241908621940003,23.651919687002867,20.104131733952435,23.651919687002867,True,390.3960340598522,228.46057855406764
2026-04-14,BUY,0.28374772370575513,0.85,TRENDING,1.2094508694225723,0.4011685271485922,0.5853658536585366,0.0004392002580046688,-1.688184362696843,-1.4349567082923165,-1.688184362696843,False,384.7940199802032,224.60374279199112
2026-04-15,HOLD,0.09968977644045567,0.5,TRENDING,-1.5453308132404784,0.5902459290224761,0.544,0.0003957698245703314,-11.168297237055146,-5.584148618527573,-11.168297237055146,,363.30655002930195,199.51932919143073
2026-04-16,HOLD,0.06993737507603365,0.5,TRENDING,0.5495025989155329,0.012808284694670888,0.5396825396825397,0.00059559217110685,6.223926997646823,3.1119634988234113,6.223926997646823,,374.61251725504843,211.93726658650002
2026-04-17,HOLD,0.08672580352652878,0.5,TRENDING,0.14900499157096547,0.09582979111406616,0.5818181818181818,0.00046932301133014435,0.3306295104096968,0.1653147552048484,0.3306295104096968,,375.2318070209153,212.63799373339066
2026-04-20,BUY,0.23987633110371118,0.85,TRENDING,1.083614433877862,0.3072767463695197,0.5843373493975904,0.0004680254919036467,-1.730739918486357,-1.4711289307134034,-1.730739918486357,False,369.71166335059195,208.95778309397835
2026-04-21,HOLD,0.19161749783349516,0.5,TRENDING,1.6242750145063947,0.09897348246002856,0.5433070866141733,0.0001100518115590834,-2.0875838630061594,-1.0437919315030797,-2.0875838630061594,,365.85264283871265,204.59561413361305
2026-04-22,BUY,0.28507609366182496,0.85,TRENDING,2.049831180359365,0.27073895672091697,0.5390625,0.00011018740147672032,16.73068166925402,14.221079418865918,16.73068166925402,True,417.88083773282585,238.82585504356314
2026-04-23,HOLD,-0.08105812344681622,0.5,TRENDING,-3.117757074132713,0.36735862146462733,0.5808383233532934,0.0001760087869416617,-9.527411584367474,-4.763705792183737,-9.527411584367474,,397.9742240613213,216.07193286367803
2026-04-24,BUY,0.32619803964024646,0.85,TRENDING,2.3733690525447746,0.30622468403855574,0.5426356589147286,0.0002639453644785284,12.326937612412125,10.477896970550306,12.326937612412125,True,439.67355322781356,242.70698522571664
2026-04-27,STRONG_BUY,0.6160827116161743,1.0,TRENDING,3.004848407271637,0.9356960471971267,0.5773809523809523,0.0003379369776538535,16.22384579803264,16.22384579803264,16.22384579803264,True,511.00551251822503,282.0833922497908
2026-04-28,SELL,-0.2674767304221481,0.25,TRENDING,-3.9805622808420322,-0.16371054325750417,0.5798816568047337,0.0003962289479616025,-12.679868936947969,-3.1699672342369922,-12.679868936947969,True,494.8068052062525,246.31558781962048
2026-04-29,BUY,0.4376114678859155,0.85,TRENDING,6.808999018541755,0.4706050394472203,0.5461538461538461,0.0005907299917822067,12.342991342001364,10.491542640701159,12.342991342001364,True,546.7196721635576,276.718299498196
2026-04-30,STRONG_BUY,0.6108261126843276,1.0,TRENDING,4.531069482845164,0.9221395976925915,0.5764705882352941,0.0005268020857547795,6.070239898839258,6.070239898839258,6.070239898839258,True,579.906867838033,293.515764121725
2026-05-01,SELL,-0.31171220109748604,0.25,TRENDING,-3.419028545155584,-0.2887830722268593,0.5789473684210527,0.0003727000953721523,16.505091504584968,4.126272876146242,16.505091504584968,False,603.835407632543,341.9608095703975
2026-05-04,STRONG_BUY,0.5587517737882058,1.0,TRENDING,2.963778745656066,0.774848385880067,0.5813953488372093,0.0004146594214255531,11.602356419808357,11.602356419808357,11.602356419808357,True,673.8945438150733,381.6363215128171
2026-05-05,STRONG_BUY,0.5061474163370852,1.0,TRENDING,2.6396274107565074,0.6982351984046693,0.5838150289017341,0.0003712281726388899,23.961263626913087,23.961263626913087,23.961263626913087,True,835.3681920259864,473.08120660655686
2026-05-06,STRONG_BUY,0.5772352281771859,1.0,TRENDING,2.2100289629691163,1.0,0.5862068965517241,0.00012433448700879072,0.5205123043793058,0.5205123043793058,0.5205123043793058,True,839.7163862523527,475.54365249665005
2026-05-07,HOLD,-0.015479809245480721,0.5,TRENDING,-2.1674021579567255,0.34548844265121814,0.5885714285714285,0.00023210654242514315,-9.932058681850474,-4.966029340925237,-9.932058681850474,,798.0158241305037,428.31237787286767
2026-05-08,BUY,0.35702383632401186,0.85,TRENDING,4.060571641380959,0.23533069154730607,0.549618320610687,0.0005035534096293128,33.19203727956541,28.213231687630596,33.19203727956541,True,1023.1618774963973,570.4779820094229
2026-05-11,STRONG_BUY,0.5198926926843097,1.0,TRENDING,1.5303989338283006,1.0,0.5852272727272727,0.000847293883394357,-1.892021909431496,-1.892021909431496,-1.892021909431496,False,1003.8034306052149,559.684413601322
2026-05-12,HOLD,-0.1999590329994558,0.5,NEUTRAL,-3.5901713982096948,0.06885338263245275,0.553030303030303,0.0019095614532192223,-12.34718336544769,-6.173591682723845,-12.34718336544769,,941.8327055024747,490.57915278613615
2026-05-13,BUY,0.3239301005546209,0.85,TRENDING,4.164196430282839,0.14221811533787596,0.5488721804511278,0.0009411001306653714,-0.6597758981375934,-0.5608095134169544,-0.6597758981375934,False,936.5508180895446,487.3424297747656
2026-05-14,SELL,-0.23240464365241642,0.25,TRENDING,-3.6504188530959096,-0.012884134934201166,0.5447761194029851,0.0009441870897952548,-8.91496315530038,-2.228740788825095,-8.91496315530038,True,915.6775279987078,443.89603172019963
2026-05-15,SELL,-0.4861560127666918,0.25,TRENDING,-4.4636637938873385,-0.732136947655494,0.5407407407407407,0.0009281715254644874,3.6001526232069647,0.9000381558017412,3.6001526232069647,False,923.9189751347984,459.87696635048604
2026-05-18,HOLD,0.01278751732448082,0.5,NEUTRAL,1.7092844498215747,-0.4872650680046655,0.5819209039548022,0.00023510556583980632,-10.59952349901887,-5.299761749509435,-10.59952349901887,,874.9534706941448,411.13219923559114
2026-05-19,AVOID,-0.5460915325949568,0.0,NEUTRAL,-3.245287690917725,-0.9087715324862027,0.5441176470588235,0.00026773251399164283,7.543833718955417,0.0,7.543833718955417,False,874.9534706941448,442.14732871100864
2026-05-20,STRONG_BUY,0.5169616593085492,1.0,NEUTRAL,3.9536134767019018,0.6506843521151214,0.5786516853932584,0.0003456887612416459,1.3402857346580088,1.3402857346580088,1.3402857346580088,True,886.6803472467536,448.07336628389373
2026-05-21,HOLD,0.10691997785260751,0.5,TRENDING,-1.0836220526002618,0.44792147951999095,0.5810055865921788,0.00017831852930084166,21.49708814595419,10.748544072977095,21.49708814595419,,981.9855751569972,544.3960927924866
2026-05-22,HOLD,-0.025868343608450653,0.5,TRENDING,-1.3956987596198522,0.13967557384101553,0.5833333333333334,0.00037743717050582604,-8.241265851038815,-4.120632925519407,-8.241265851038815,,941.5215542232269,499.5309635027898
2026-05-26,BUY,0.4723816542867728,0.85,TRENDING,3.822303645177897,0.5680037029309204,0.5474452554744526,0.0004742315875854338,14.994368233335775,12.74521299833541,14.994368233335775,True,1061.5204817342153,574.4324756099282
2026-05-27,STRONG_BUY,0.6399418088069125,1.0,TRENDING,3.550686651726356,1.0,0.580110497237569,0.00037813270623976886,0.04905697413080112,0.04905697413080112,0.04905697413080112,True,1062.0412315623328,574.7142748008871
2026-05-28,HOLD,0.15232361148613874,0.5,TRENDING,0.4006514347872687,0.22242785613218935,0.5824175824175825,0.000408496448414961,6.503399517903841,3.2516997589519203,6.503399517903841,,1096.5756237290152,612.0902401776125
2026-05-29,BUY,0.37989634204117173,0.85,TRENDING,2.4585161784208656,0.37939234796740645,0.5846994535519126,0.00039018241705201384,6.498375447035576,5.52361912998024,6.498375447035576,True,1157.1462846560114,651.8661620590156
2026-06-01,BUY,0.4399633667762035,0.85,TRENDING,2.133951100431853,0.6249110949413673,0.5869565217391305,0.0002101189738712204,7.84080921401924,6.664687831916353,7.84080921401924,True,1234.2664722869529,702.9777441568124
2026-06-02,HOLD,0.14061024780576056,0.5,TRENDING,-0.6454979630461893,0.4280886965969796,0.5891891891891892,7.964559087033912e-05,-5.117440600541867,-2.5587203002709336,-5.117440600541867,,1202.6850455011088,667.0032756645584
2026-06-03,BUY,0.3237372756122887,0.85,TRENDING,1.1442829485688941,0.5801253394732532,0.5507246376811594,8.608141556939699e-05,13.416767534912344,11.404252404675493,13.416767534912344,True,1339.8422837233416,756.4935546107228
2026-06-04,SELL,-0.3917327159532602,0.25,TRENDING,-4.924375725156975,-0.5277285839794067,0.5860215053763441,0.00012821416213308235,-7.8427459775116,-1.9606864943779,-7.8427459775116,True,1313.5721770204134,697.1636867863558
2026-06-05,AVOID,-0.5731598019566342,0.0,NEUTRAL,-4.591746588121412,-1.0,0.5539568345323741,0.0004607307427372916,-22.772333754575612,-0.0,-22.772333754575612,True,1313.5721770204134,538.4032452156627
2026-06-08,HOLD,-0.06673651239894837,0.5,NEUTRAL,4.789270725912558,-0.9754186872956505,0.55,0.0011332394849023796,10.6046297820666,5.3023148910333,10.6046297820666,,1383.221910167037,595.4989161054159
2026-06-09,STRONG_BUY,0.6410762647618687,1.0,NEUTRAL,3.5627283800243603,1.0,0.5828877005347594,0.0012252850183696869,0.5529889235688312,0.5529889235688312,0.5529889235688312,True,1390.870974118638,598.7919591514514
2026-06-10,SELL,-0.20294602704251796,0.25,TRENDING,-1.345854558890951,-0.3804631204637137,0.5851063829787234,0.0006085993177799819,-0.40206232648125617,-0.10051558162031404,-0.40206232648125617,True,1389.4729320694146,596.3844422697043
2026-06-11,HOLD,0.04724709283234777,0.5,TRENDING,1.7666443310992812,-0.361255625777722,0.5531914893617021,0.0004318125041356024,29.001421849533536,14.500710924766768,29.001421849533536,,1590.9563853266814,769.344410217329
2026-06-12,BUY,0.43264996920640336,0.85,TRENDING,0.5033175828974011,1.0,0.582010582010582,0.0009948456900145172,10.479876833883406,8.907895308800896,10.479876833883406,True,1732.6771145402652,849.9707568364718
2026-06-15,STRONG_BUY,0.5946720217723171,1.0,TRENDING,6.111819761310338,0.8648134032941759,0.5842105263157895,0.00039310846179684683,12.904412242935503,12.904412242935503,12.904412242935503,True,1956.2689122395407,959.654487243049
2026-06-16,BUY,0.49720777917030273,0.85,TRENDING,1.2496011313680717,1.0,0.5863874345549738,0.0003978857373002516,-11.035842291831122,-9.380465948056454,-11.035842291831122,False,1772.761773074496,853.7485314844255
2026-06-17,BUY,0.20743632900329548,0.85,TRENDING,4.169618489445581,-0.20154853978140813,0.5563380281690141,0.000635653859062487,-3.2888955032057465,-2.7955611777248843,-3.2888955032057465,False,1723.203133172878,825.6696344237491
